datetime,open,high,low,close,volume
2021.07.12 14:38:00,1.1868,1.18696,1.18672,1.18673,77.35
2021.07.12 14:39:00,1.18672,1.18678,1.18658,1.18659,76.16
2021.07.12 14:40:00,1.1866,1.18676,1.18655,1.18656,102.54
2021.07.12 14:41:00,1.18657,1.18671,1.18657,1.18669,73.81
2021.07.12 14:42:00,1.18669,1.18699,1.18669,1.18697,56.07
2021.07.12 14:43:00,1.18699,1.18704,1.18689,1.18689,89.79
2021.07.12 14:44:00,1.18686,1.18696,1.18683,1.18691,69.76
2021.07.12 14:45:00,1.18692,1.18718,1.18685,1.18715,95.16
2021.07.12 14:46:00,1.18715,1.18715,1.18696,1.18713,105.73
2021.07.12 14:47:00,1.18714,1.18715,1.18694,1.18695,107.05
2021.07.12 14:48:00,1.18694,1.18695,1.18675,1.18681,112.1
2021.07.12 14:49:00,1.18682,1.18685,1.18672,1.18682,85.57
2021.07.12 14:50:00,1.18681,1.18681,1.18668,1.18675,126.57
2021.07.12 14:51:00,1.18676,1.18699,1.18676,1.18697,172.63
2021.07.12 14:52:00,1.18697,1.18702,1.18689,1.18696,218.08
2021.07.12 14:53:00,1.18697,1.18729,1.18696,1.18727,178.13
2021.07.12 14:54:00,1.18729,1.18742,1.18723,1.18733,108.85
2021.07.12 14:55:00,1.18733,1.18733,1.18715,1.18715,92.28
2021.07.12 14:56:00,1.18716,1.18716,1.18691,1.18698,161.65
2021.07.12 14:57:00,1.18698,1.18707,1.18669,1.18686,182.93
2021.07.12 14:58:00,1.18686,1.1869,1.18677,1.18679,115.09
2021.07.12 14:59:00,1.18677,1.18681,1.18669,1.18669,167.8
2021.07.12 15:00:00,1.18671,1.18678,1.18661,1.18661,87.82
2021.07.12 15:01:00,1.1866,1.18671,1.18651,1.1867,138.24
2021.07.12 15:02:00,1.18669,1.18673,1.18644,1.18649,100.15
2021.07.12 15:03:00,1.18648,1.18649,1.18635,1.18638,87.24
2021.07.12 15:04:00,1.18641,1.18644,1.18632,1.1864,68.63
2021.07.12 15:05:00,1.18639,1.18646,1.18637,1.18645,65.96
2021.07.12 15:06:00,1.18644,1.18651,1.18634,1.18646,83.31
2021.07.12 15:07:00,1.18643,1.18655,1.18641,1.18649,72.59
2021.07.12 15:08:00,1.1865,1.18655,1.18637,1.18638,57.91
2021.07.12 15:09:00,1.18637,1.18641,1.18627,1.18634,71.72
2021.07.12 15:10:00,1.18634,1.18644,1.18634,1.18642,42.61
2021.07.12 15:11:00,1.18643,1.18646,1.18639,1.1864,42.88
2021.07.12 15:12:00,1.18638,1.1864,1.18618,1.18625,54.43
2021.07.12 15:13:00,1.18626,1.18629,1.1862,1.18624,65.98
2021.07.12 15:14:00,1.18627,1.18636,1.18627,1.18634,64.68
2021.07.12 15:15:00,1.18634,1.18636,1.18627,1.18628,80.5
2021.07.12 15:16:00,1.18625,1.18628,1.18618,1.18618,33.66
2021.07.12 15:17:00,1.18616,1.18621,1.18607,1.18614,47.18
2021.07.12 15:18:00,1.18614,1.1862,1.18614,1.18615,37.71
2021.07.12 15:19:00,1.18616,1.18617,1.18606,1.18606,31.79
2021.07.12 15:20:00,1.18607,1.18615,1.18605,1.18614,64.31
2021.07.12 15:21:00,1.18613,1.18613,1.18601,1.18611,37.6
2021.07.12 15:22:00,1.1861,1.1861,1.18602,1.18604,32.68
2021.07.12 15:23:00,1.18605,1.18614,1.18603,1.1861,43.46
2021.07.12 15:24:00,1.18609,1.18617,1.18601,1.18611,121.41
2021.07.12 15:25:00,1.18612,1.18616,1.18607,1.18614,85.56
2021.07.12 15:26:00,1.18615,1.18618,1.18613,1.18617,37.18
2021.07.12 15:27:00,1.18618,1.18634,1.18618,1.18627,81.6
2021.07.12 15:28:00,1.18627,1.18639,1.18627,1.18632,62.09
2021.07.12 15:29:00,1.18633,1.18635,1.18628,1.18628,38.82
2021.07.12 15:30:00,1.18629,1.18631,1.18621,1.18624,84.33
2021.07.12 15:31:00,1.18622,1.18622,1.18607,1.1861,76.72
2021.07.12 15:32:00,1.18608,1.18613,1.18605,1.18611,50.7
2021.07.12 15:33:00,1.18611,1.18615,1.18611,1.18612,21.14
2021.07.12 15:34:00,1.18613,1.18615,1.18607,1.18608,55.54
2021.07.12 15:35:00,1.1861,1.18618,1.18598,1.18599,173.67
2021.07.12 15:36:00,1.186,1.18604,1.18598,1.18599,83.81
2021.07.12 15:37:00,1.186,1.18601,1.18594,1.18598,102.78
2021.07.12 15:38:00,1.18598,1.18598,1.18587,1.18587,96.11
2021.07.12 15:39:00,1.18587,1.18593,1.18566,1.18567,114.71
2021.07.12 15:40:00,1.18566,1.18566,1.18552,1.18555,140.38
2021.07.12 15:41:00,1.18556,1.18558,1.18552,1.18552,55.35
2021.07.12 15:42:00,1.18552,1.18557,1.18551,1.18555,67.3
2021.07.12 15:43:00,1.18554,1.18564,1.18544,1.18549,80.92
2021.07.12 15:44:00,1.1855,1.18558,1.18542,1.18558,86
2021.07.12 15:45:00,1.18559,1.18562,1.18545,1.18548,71.54
2021.07.12 15:46:00,1.18548,1.18549,1.18514,1.18516,156.85
2021.07.12 15:47:00,1.18518,1.1852,1.1851,1.18519,78.13
2021.07.12 15:48:00,1.1852,1.18532,1.1852,1.1853,51.17
2021.07.12 15:49:00,1.18532,1.18534,1.18525,1.18532,63.91
2021.07.12 15:50:00,1.18531,1.18531,1.18523,1.18528,37.96
2021.07.12 15:51:00,1.18528,1.18533,1.18524,1.18531,83.07
2021.07.12 15:52:00,1.18532,1.18544,1.18532,1.18539,34.12
2021.07.12 15:53:00,1.18538,1.18542,1.18534,1.18539,56.39
2021.07.12 15:54:00,1.18541,1.18545,1.18537,1.18545,31.44
2021.07.12 15:55:00,1.18545,1.18554,1.18543,1.18554,36.92
2021.07.12 15:56:00,1.18554,1.1856,1.18552,1.18559,19.97
2021.07.12 15:57:00,1.18559,1.1858,1.18559,1.1858,81.08
2021.07.12 15:58:00,1.18583,1.18584,1.18575,1.18579,53.35
2021.07.12 15:59:00,1.18578,1.18578,1.18566,1.18575,96.79
2021.07.12 16:00:00,1.18575,1.18578,1.18569,1.18575,61.41
2021.07.12 16:01:00,1.18573,1.18575,1.18565,1.18566,67.59
2021.07.12 16:02:00,1.18565,1.18565,1.18557,1.18557,69.21
2021.07.12 16:03:00,1.18558,1.1857,1.18558,1.1857,54.06
2021.07.12 16:04:00,1.1857,1.18571,1.18565,1.1857,47.96
2021.07.12 16:05:00,1.18569,1.18569,1.18562,1.18567,42.88
2021.07.12 16:06:00,1.18567,1.18575,1.18567,1.18574,19.12
2021.07.12 16:07:00,1.18574,1.18581,1.18573,1.18574,32.99
2021.07.12 16:08:00,1.18573,1.18577,1.18571,1.18572,28.74
2021.07.12 16:09:00,1.18571,1.18571,1.18563,1.18569,18.9
2021.07.12 16:10:00,1.18567,1.18583,1.18567,1.18577,70.21
2021.07.12 16:11:00,1.18576,1.18583,1.18576,1.1858,19.5
2021.07.12 16:12:00,1.1858,1.18584,1.1858,1.18581,31.13
2021.07.12 16:13:00,1.18581,1.18582,1.18578,1.1858,25.27
2021.07.12 16:14:00,1.18581,1.18584,1.1858,1.18581,12.27
2021.07.12 16:15:00,1.18581,1.18584,1.18578,1.1858,28.94
2021.07.12 16:16:00,1.1858,1.18584,1.18579,1.18584,14.47
2021.07.12 16:17:00,1.18584,1.18585,1.1858,1.18584,17.71
2021.07.12 16:18:00,1.18585,1.18589,1.18585,1.18589,17.41
2021.07.12 16:19:00,1.18589,1.18589,1.18587,1.18589,16.62
2021.07.12 16:20:00,1.18589,1.18593,1.18584,1.1859,44.48
2021.07.12 16:21:00,1.18589,1.1859,1.18566,1.18568,39.48
2021.07.12 16:22:00,1.18569,1.18578,1.18569,1.18571,19.31
2021.07.12 16:23:00,1.18571,1.18582,1.18571,1.18579,42.78
2021.07.12 16:24:00,1.1858,1.1858,1.18566,1.18568,53.35
2021.07.12 16:25:00,1.18567,1.18575,1.18564,1.18573,63.54
2021.07.12 16:26:00,1.18574,1.18574,1.18567,1.18568,28.26
2021.07.12 16:27:00,1.1857,1.1857,1.18561,1.18561,49.91
2021.07.12 16:28:00,1.1856,1.18564,1.18551,1.18553,83.76
2021.07.12 16:29:00,1.18551,1.18569,1.1855,1.18569,59.53
2021.07.12 16:30:00,1.18569,1.18588,1.18569,1.18587,48.87
2021.07.12 16:31:00,1.18589,1.18599,1.18586,1.18599,44.11
2021.07.12 16:32:00,1.18598,1.18605,1.18589,1.18594,61.93
2021.07.12 16:33:00,1.18593,1.18593,1.18578,1.18578,45.33
2021.07.12 16:34:00,1.18579,1.18582,1.18568,1.18568,66.59
2021.07.12 16:35:00,1.18568,1.18574,1.18548,1.18548,79.66
2021.07.12 16:36:00,1.18548,1.1855,1.18538,1.18548,75
2021.07.12 16:37:00,1.18549,1.18554,1.18546,1.18549,40.55
2021.07.12 16:38:00,1.1855,1.18555,1.18549,1.18549,37.68
2021.07.12 16:39:00,1.1855,1.18554,1.18549,1.18549,16.19
2021.07.12 16:40:00,1.18548,1.18548,1.18538,1.18539,45.42
2021.07.12 16:41:00,1.18537,1.18537,1.18512,1.18512,108.04
2021.07.12 16:42:00,1.18512,1.18522,1.18511,1.18513,45.87
2021.07.12 16:43:00,1.18512,1.18522,1.18512,1.18516,17.2
2021.07.12 16:44:00,1.18518,1.18525,1.18518,1.18524,20.75
2021.07.12 16:45:00,1.18525,1.18535,1.18525,1.18534,23.5
2021.07.12 16:46:00,1.18535,1.18535,1.18528,1.18534,32.98
2021.07.12 16:47:00,1.18535,1.18541,1.18535,1.18539,19.19
2021.07.12 16:48:00,1.18541,1.18553,1.1854,1.18553,32.09
2021.07.12 16:49:00,1.18555,1.18561,1.1855,1.18561,37.13
2021.07.12 16:50:00,1.18563,1.18571,1.18559,1.18564,46.25
2021.07.12 16:51:00,1.18564,1.18565,1.18559,1.18559,44.38
2021.07.12 16:52:00,1.18559,1.18564,1.18558,1.1856,53.32
2021.07.12 16:53:00,1.18559,1.18564,1.18558,1.18563,15.08
2021.07.12 16:54:00,1.18563,1.18571,1.18563,1.1857,31.22
2021.07.12 16:55:00,1.18573,1.18575,1.18569,1.1857,22.65
2021.07.12 16:56:00,1.1857,1.1858,1.1857,1.1858,31.66
2021.07.12 16:57:00,1.18581,1.18587,1.18574,1.18585,39.62
2021.07.12 16:58:00,1.18587,1.18592,1.18586,1.18591,25.64
2021.07.12 16:59:00,1.18591,1.18592,1.18574,1.18574,59.02
2021.07.12 17:00:00,1.18575,1.18575,1.18564,1.18569,79.48
2021.07.12 17:01:00,1.1857,1.18575,1.18569,1.18575,20.76
2021.07.12 17:02:00,1.18577,1.18602,1.18577,1.18593,63.6
2021.07.12 17:03:00,1.18591,1.18598,1.18586,1.18592,60.8
2021.07.12 17:04:00,1.18592,1.18596,1.18586,1.18587,25.45
2021.07.12 17:05:00,1.18585,1.18595,1.18585,1.18595,37.62
2021.07.12 17:06:00,1.18596,1.18599,1.18582,1.18584,65.12
2021.07.12 17:07:00,1.18585,1.18585,1.18575,1.18576,16.85
2021.07.12 17:08:00,1.18575,1.18581,1.18574,1.18581,23.2
2021.07.12 17:09:00,1.1858,1.18584,1.18573,1.18573,36.12
2021.07.12 17:10:00,1.18571,1.18574,1.18569,1.18572,18.49
2021.07.12 17:11:00,1.18572,1.18572,1.18562,1.18562,21.79
2021.07.12 17:12:00,1.1856,1.18562,1.18553,1.18553,13.86
2021.07.12 17:13:00,1.18554,1.1856,1.18551,1.18556,29.84
2021.07.12 17:14:00,1.18558,1.18566,1.18553,1.18564,46.11
2021.07.12 17:15:00,1.18565,1.1857,1.18561,1.18569,24.75
2021.07.12 17:16:00,1.18569,1.1857,1.18565,1.18568,34.78
2021.07.12 17:17:00,1.18568,1.1857,1.18566,1.18566,18.88
2021.07.12 17:18:00,1.18566,1.18566,1.18557,1.18558,22
2021.07.12 17:19:00,1.18555,1.18567,1.18553,1.18566,17.96
2021.07.12 17:20:00,1.18565,1.18578,1.18565,1.18575,33.09
2021.07.12 17:21:00,1.18574,1.18577,1.1857,1.1857,24.96
2021.07.12 17:22:00,1.18568,1.18568,1.18557,1.18561,34.19
2021.07.12 17:23:00,1.18562,1.18573,1.1856,1.18569,52.05
2021.07.12 17:24:00,1.18568,1.18574,1.18566,1.18567,32.98
2021.07.12 17:25:00,1.18566,1.18578,1.18566,1.18575,42.38
2021.07.12 17:26:00,1.18576,1.18577,1.18569,1.18572,15.17
2021.07.12 17:27:00,1.18571,1.18571,1.18563,1.18563,25.9
2021.07.12 17:28:00,1.18563,1.18565,1.18557,1.18557,14.97
2021.07.12 17:29:00,1.18556,1.18568,1.18556,1.18568,28.06
2021.07.12 17:30:00,1.18569,1.18574,1.18566,1.18571,25.92
2021.07.12 17:31:00,1.18573,1.18575,1.18571,1.18571,12.07
2021.07.12 17:32:00,1.18573,1.18574,1.18569,1.18571,19.36
2021.07.12 17:33:00,1.18572,1.18572,1.18562,1.18562,31.11
2021.07.12 17:34:00,1.18562,1.18565,1.18561,1.18565,53.5
2021.07.12 17:35:00,1.18564,1.18566,1.18564,1.18564,35.78
2021.07.12 17:36:00,1.18568,1.1857,1.18565,1.1857,12.36
2021.07.12 17:37:00,1.18573,1.18576,1.18569,1.18576,22.74
2021.07.12 17:38:00,1.18575,1.18575,1.18571,1.18575,26.5
2021.07.12 17:39:00,1.18575,1.18576,1.18573,1.18573,33.93
2021.07.12 17:40:00,1.18572,1.18572,1.18564,1.18564,24.23
2021.07.12 17:41:00,1.18565,1.18565,1.1856,1.18561,43.44
2021.07.12 17:42:00,1.18562,1.18566,1.18562,1.18566,22.57
2021.07.12 17:43:00,1.18565,1.18566,1.18561,1.18565,26.68
2021.07.12 17:44:00,1.18566,1.18572,1.18564,1.18564,29.62
2021.07.12 17:45:00,1.18566,1.18572,1.18565,1.18572,30.31
2021.07.12 17:46:00,1.18571,1.18572,1.18568,1.18571,33.36
2021.07.12 17:47:00,1.18571,1.18571,1.18565,1.18565,22.19
2021.07.12 17:48:00,1.18565,1.18565,1.1856,1.18561,34.63
2021.07.12 17:49:00,1.18561,1.18569,1.18561,1.18565,28.71
2021.07.12 17:50:00,1.18566,1.18575,1.18564,1.18575,20.96
2021.07.12 17:51:00,1.18574,1.18579,1.18573,1.18575,25.94
2021.07.12 17:52:00,1.18573,1.18573,1.18566,1.1857,34.89
2021.07.12 17:53:00,1.18569,1.18572,1.18566,1.18571,29.39
2021.07.12 17:54:00,1.18571,1.18576,1.1857,1.18575,28.26
2021.07.12 17:55:00,1.18574,1.18584,1.18572,1.18584,31.25
2021.07.12 17:56:00,1.18585,1.18587,1.1858,1.18584,28.34
2021.07.12 17:57:00,1.18584,1.18586,1.18581,1.18582,20.25
2021.07.12 17:58:00,1.18582,1.18587,1.18582,1.18587,24.4
2021.07.12 17:59:00,1.18586,1.18598,1.18582,1.18595,47.28
2021.07.12 18:00:00,1.18595,1.18597,1.18586,1.18597,70.4
2021.07.12 18:01:00,1.18596,1.18607,1.18596,1.18603,40.2
2021.07.12 18:02:00,1.18602,1.18603,1.18596,1.18598,33.36
2021.07.12 18:03:00,1.18598,1.18599,1.18592,1.18594,28.44
2021.07.12 18:04:00,1.18593,1.18594,1.18587,1.18588,34.09
2021.07.12 18:05:00,1.18588,1.1859,1.18585,1.18585,37.54
2021.07.12 18:06:00,1.18584,1.186,1.18583,1.186,32.02
2021.07.12 18:07:00,1.186,1.18604,1.18596,1.18596,18.17
2021.07.12 18:08:00,1.18596,1.18598,1.18593,1.18598,28.75
2021.07.12 18:09:00,1.18599,1.18607,1.18592,1.18593,56.86
2021.07.12 18:10:00,1.18594,1.18594,1.18584,1.18584,37.2
2021.07.12 18:11:00,1.18583,1.18594,1.18574,1.18578,57.49
2021.07.12 18:12:00,1.18578,1.18578,1.18563,1.18564,42.02
2021.07.12 18:13:00,1.18564,1.18565,1.18559,1.18559,17.8
2021.07.12 18:14:00,1.1856,1.18571,1.1856,1.18566,26.15
2021.07.12 18:15:00,1.18568,1.1857,1.18563,1.18564,15.03
2021.07.12 18:16:00,1.18566,1.18568,1.18561,1.18562,19.46
2021.07.12 18:17:00,1.18562,1.18565,1.18561,1.18561,19.95
2021.07.12 18:18:00,1.1856,1.18566,1.18559,1.18564,15.77
2021.07.12 18:19:00,1.18565,1.18565,1.18562,1.18565,8.77
2021.07.12 18:20:00,1.18564,1.18564,1.18562,1.18563,15.75
2021.07.12 18:21:00,1.18564,1.18578,1.18564,1.18573,22.94
2021.07.12 18:22:00,1.18574,1.18583,1.18574,1.18579,21.41
2021.07.12 18:23:00,1.18578,1.18579,1.18576,1.18579,8.85
2021.07.12 18:24:00,1.18581,1.18591,1.18581,1.1859,11.39
2021.07.12 18:25:00,1.1859,1.18592,1.18588,1.18588,7.44
2021.07.12 18:26:00,1.18589,1.18589,1.18589,1.18589,0.75
2021.07.12 18:27:00,1.18588,1.18588,1.18585,1.18586,23.6
2021.07.12 18:28:00,1.18584,1.18584,1.18578,1.18578,19.19
2021.07.12 18:29:00,1.18579,1.18584,1.18572,1.18573,46.26
2021.07.12 18:30:00,1.18574,1.18574,1.18571,1.18572,14.38
2021.07.12 18:31:00,1.18571,1.18575,1.18566,1.18573,37.92
2021.07.12 18:32:00,1.18575,1.18578,1.18571,1.18572,21.3
2021.07.12 18:33:00,1.18572,1.18574,1.18569,1.18574,18.34
2021.07.12 18:34:00,1.18573,1.18573,1.18568,1.18568,35.3
2021.07.12 18:35:00,1.18568,1.18569,1.18563,1.18563,14.98
2021.07.12 18:36:00,1.18564,1.18572,1.18564,1.18569,38.35
2021.07.12 18:37:00,1.18568,1.18569,1.18558,1.1856,35.78
2021.07.12 18:38:00,1.1856,1.18566,1.18557,1.18565,16.55
2021.07.12 18:39:00,1.18564,1.1857,1.18563,1.1857,13.94
2021.07.12 18:40:00,1.18569,1.18579,1.18569,1.18574,23.14
2021.07.12 18:41:00,1.18574,1.18576,1.18574,1.18574,4.49
2021.07.12 18:42:00,1.18574,1.18579,1.18571,1.18572,13.24
2021.07.12 18:43:00,1.18572,1.18574,1.18568,1.18572,47.9
2021.07.12 18:44:00,1.18571,1.18571,1.18562,1.18563,38.33
2021.07.12 18:45:00,1.18563,1.18568,1.18563,1.18564,24.58
2021.07.12 18:46:00,1.18565,1.18565,1.18562,1.18563,12.41
2021.07.12 18:47:00,1.18564,1.18564,1.18562,1.18563,13.44
2021.07.12 18:48:00,1.18561,1.18561,1.18553,1.18558,19.71
2021.07.12 18:49:00,1.18559,1.18583,1.18557,1.18583,49.35
2021.07.12 18:50:00,1.18585,1.18589,1.18579,1.18585,51.79
2021.07.12 18:51:00,1.18585,1.1859,1.18584,1.18584,18.4
2021.07.12 18:52:00,1.18585,1.18585,1.18582,1.18585,12.39
2021.07.12 18:53:00,1.18584,1.18584,1.18584,1.18584,1.84
2021.07.12 18:54:00,1.18583,1.18585,1.18582,1.18585,4.87
2021.07.12 18:55:00,1.18583,1.18583,1.18574,1.18577,23.64
2021.07.12 18:56:00,1.18578,1.18578,1.18572,1.18574,24.21
2021.07.12 18:57:00,1.18574,1.18577,1.18571,1.18575,19.94
2021.07.12 18:58:00,1.18574,1.18582,1.18574,1.18579,29.08
2021.07.12 18:59:00,1.18578,1.18592,1.18574,1.18578,89.47
2021.07.12 19:00:00,1.18579,1.18583,1.18574,1.18574,57.14
2021.07.12 19:01:00,1.18575,1.18576,1.18565,1.18567,36.23
2021.07.12 19:02:00,1.18568,1.18569,1.18563,1.18568,26.74
2021.07.12 19:03:00,1.18568,1.18569,1.18567,1.18568,9.96
2021.07.12 19:04:00,1.18568,1.18571,1.18563,1.18563,17.1
2021.07.12 19:05:00,1.18562,1.18564,1.18561,1.18564,7.86
2021.07.12 19:06:00,1.18564,1.18569,1.18564,1.18568,6.37
2021.07.12 19:07:00,1.18569,1.18571,1.18569,1.1857,2.25
2021.07.12 19:08:00,1.18569,1.1857,1.18568,1.18569,5.99
2021.07.12 19:09:00,1.18568,1.18569,1.18567,1.18568,10.48
2021.07.12 19:10:00,1.18567,1.18567,1.18564,1.18564,4.59
2021.07.12 19:11:00,1.18564,1.1857,1.18563,1.18569,10.3
2021.07.12 19:12:00,1.1857,1.1857,1.18559,1.18559,9.13
2021.07.12 19:13:00,1.18562,1.18565,1.18562,1.18565,9.55
2021.07.12 19:14:00,1.18566,1.1857,1.18566,1.18568,13.11
2021.07.12 19:15:00,1.18567,1.18567,1.18565,1.18565,3.37
2021.07.12 19:16:00,1.18563,1.18566,1.18563,1.18564,6.37
2021.07.12 19:17:00,1.18563,1.18564,1.18555,1.18555,10.63
2021.07.12 19:18:00,1.18554,1.18555,1.18553,1.18554,10.35
2021.07.12 19:19:00,1.18558,1.18559,1.18555,1.18559,10.41
2021.07.12 19:20:00,1.1856,1.18564,1.1856,1.18564,3
2021.07.12 19:21:00,1.18565,1.18565,1.18564,1.18565,7.12
2021.07.12 19:22:00,1.18563,1.1857,1.18563,1.1857,12.59
2021.07.12 19:23:00,1.18569,1.18573,1.18566,1.18566,26.9
2021.07.12 19:24:00,1.18566,1.1857,1.18564,1.18564,25.92
2021.07.12 19:25:00,1.18567,1.1857,1.18567,1.18569,10.88
2021.07.12 19:26:00,1.18568,1.1857,1.18568,1.18568,6.75
2021.07.12 19:27:00,1.18566,1.1857,1.18564,1.1857,14.25
2021.07.12 19:28:00,1.18571,1.18571,1.18564,1.18565,16.95
2021.07.12 19:29:00,1.18565,1.18569,1.18563,1.18569,18.59
2021.07.12 19:30:00,1.18568,1.1857,1.18566,1.1857,15.74
2021.07.12 19:31:00,1.18569,1.18569,1.18564,1.18564,10.72
2021.07.12 19:32:00,1.18565,1.18569,1.18564,1.18569,10.12
2021.07.12 19:33:00,1.1857,1.1857,1.18569,1.1857,9.75
2021.07.12 19:34:00,1.1857,1.18576,1.1857,1.18576,9
2021.07.12 19:35:00,1.18574,1.18576,1.18574,1.18574,7.5
2021.07.12 19:36:00,1.18575,1.18576,1.18575,1.18576,4.5
2021.07.12 19:37:00,1.18576,1.18581,1.18576,1.18579,20.05
2021.07.12 19:38:00,1.1858,1.1858,1.18576,1.1858,16.12
2021.07.12 19:39:00,1.1858,1.18585,1.1858,1.18585,8.35
2021.07.12 19:40:00,1.18585,1.18591,1.18585,1.18591,16.35
2021.07.12 19:41:00,1.18591,1.18595,1.18591,1.18593,15.45
2021.07.12 19:42:00,1.18596,1.18602,1.18593,1.18601,28.06
2021.07.12 19:43:00,1.18601,1.18601,1.18596,1.18598,23.54
2021.07.12 19:44:00,1.18599,1.186,1.18595,1.18597,14.68
2021.07.12 19:45:00,1.18598,1.18603,1.18598,1.18601,20.74
2021.07.12 19:46:00,1.18602,1.18605,1.186,1.18603,25.54
2021.07.12 19:47:00,1.18602,1.18606,1.18601,1.18606,18.56
2021.07.12 19:48:00,1.18606,1.1861,1.18605,1.1861,6.82
2021.07.12 19:49:00,1.18611,1.18611,1.18606,1.1861,14.79
2021.07.12 19:50:00,1.18614,1.18614,1.186,1.18605,22.13
2021.07.12 19:51:00,1.18607,1.18607,1.18593,1.18598,43.36
2021.07.12 19:52:00,1.18597,1.18599,1.18596,1.18598,15.74
2021.07.12 19:53:00,1.18596,1.18596,1.18582,1.18588,30.33
2021.07.12 19:54:00,1.1859,1.1859,1.18586,1.1859,11.31
2021.07.12 19:55:00,1.1859,1.1859,1.18584,1.18585,36.31
2021.07.12 19:56:00,1.18586,1.18586,1.18584,1.18585,6.74
2021.07.12 19:57:00,1.18585,1.18585,1.1858,1.18584,11.31
2021.07.12 19:58:00,1.18585,1.18589,1.18581,1.18583,35.41
2021.07.12 19:59:00,1.18585,1.186,1.18584,1.186,96.39
2021.07.12 20:00:00,1.18599,1.18602,1.18592,1.18601,61.81
2021.07.12 20:01:00,1.18601,1.1861,1.18599,1.18609,45.05
2021.07.12 20:02:00,1.18608,1.18608,1.18597,1.18601,37.76
2021.07.12 20:03:00,1.18601,1.18602,1.18599,1.186,14.44
2021.07.12 20:04:00,1.186,1.18616,1.186,1.18615,32.76
2021.07.12 20:05:00,1.18615,1.18616,1.1861,1.1861,19.83
2021.07.12 20:06:00,1.18611,1.18612,1.1861,1.18611,4.43
2021.07.12 20:07:00,1.18611,1.18613,1.1861,1.18613,5.72
2021.07.12 20:08:00,1.18613,1.18613,1.1861,1.18611,5.8
2021.07.12 20:09:00,1.18607,1.18609,1.18604,1.18608,18.32
2021.07.12 20:10:00,1.18607,1.1861,1.18606,1.18606,9.43
2021.07.12 20:11:00,1.18605,1.18608,1.18605,1.18606,6.14
2021.07.12 20:12:00,1.18607,1.18609,1.18605,1.18605,10.65
2021.07.12 20:13:00,1.1861,1.18621,1.18608,1.18617,17.53
2021.07.12 20:14:00,1.18616,1.18616,1.1861,1.1861,15.68
2021.07.12 20:15:00,1.18611,1.1862,1.1861,1.1862,12.84
2021.07.12 20:16:00,1.18619,1.1862,1.18613,1.18615,12.93
2021.07.12 20:17:00,1.18615,1.18615,1.18615,1.18615,0.82
2021.07.12 20:18:00,1.18614,1.18614,1.18609,1.18609,2.46
2021.07.12 20:19:00,1.18608,1.18608,1.18604,1.18605,7.78
2021.07.12 20:20:00,1.18606,1.18606,1.18605,1.18606,5.39
2021.07.12 20:21:00,1.18608,1.18611,1.18608,1.1861,3.44
2021.07.12 20:22:00,1.18611,1.18615,1.18611,1.18612,9.59
2021.07.12 20:23:00,1.18615,1.18615,1.18613,1.18614,5.46
2021.07.12 20:24:00,1.18615,1.18616,1.18609,1.18609,6.46
2021.07.12 20:25:00,1.18607,1.18607,1.18595,1.18596,9.53
2021.07.12 20:26:00,1.18597,1.186,1.18596,1.186,6.99
2021.07.12 20:27:00,1.18601,1.18604,1.186,1.18604,3.34
2021.07.12 20:28:00,1.18603,1.18605,1.18601,1.18603,2.42
2021.07.12 20:29:00,1.18603,1.18611,1.18603,1.18608,24.73
2021.07.12 20:30:00,1.18607,1.18607,1.18601,1.18601,16.62
2021.07.12 20:31:00,1.18602,1.1861,1.18602,1.18609,6.91
2021.07.12 20:32:00,1.1861,1.1861,1.18605,1.18605,1.92
2021.07.12 20:33:00,1.18606,1.18607,1.18605,1.18606,3.34
2021.07.12 20:34:00,1.18607,1.18608,1.18607,1.18607,7.9
2021.07.12 20:35:00,1.18608,1.18609,1.18605,1.18605,5.64
2021.07.12 20:36:00,1.18604,1.18607,1.18604,1.18607,2.59
2021.07.12 20:37:00,1.18607,1.18607,1.18603,1.18603,5.53
2021.07.12 20:38:00,1.18605,1.18607,1.18605,1.18607,0.3
2021.07.12 20:39:00,1.18605,1.18605,1.18601,1.18603,10.1
2021.07.12 20:40:00,1.18601,1.18601,1.186,1.186,22.16
2021.07.12 20:41:00,1.186,1.186,1.18592,1.18593,12.98
2021.07.12 20:42:00,1.18593,1.18595,1.18593,1.18594,9.54
2021.07.12 20:43:00,1.18595,1.18598,1.18595,1.18597,18.06
2021.07.12 20:44:00,1.18597,1.18598,1.18597,1.18597,7.5
2021.07.12 20:45:00,1.18596,1.18597,1.18592,1.18596,34.25
2021.07.12 20:46:00,1.18596,1.18597,1.18596,1.18596,3.52
2021.07.12 20:47:00,1.18597,1.18606,1.18596,1.18604,11.82
2021.07.12 20:48:00,1.18604,1.18604,1.18599,1.18599,9.12
2021.07.12 20:49:00,1.18597,1.18597,1.18595,1.18597,9.81
2021.07.12 20:50:00,1.18599,1.18607,1.18599,1.18602,25.21
2021.07.12 20:51:00,1.18602,1.18604,1.18598,1.186,9.18
2021.07.12 20:52:00,1.18599,1.18607,1.18599,1.18606,10.23
2021.07.12 20:53:00,1.18608,1.18608,1.18603,1.18603,9.57
2021.07.12 20:54:00,1.18605,1.18607,1.18603,1.18606,5.33
2021.07.12 20:55:00,1.18606,1.18606,1.18598,1.18603,6.52
2021.07.12 20:56:00,1.18604,1.18607,1.18599,1.18603,3.55
2021.07.12 20:57:00,1.186,1.186,1.18598,1.18598,6.22
2021.07.12 20:58:00,1.18598,1.18599,1.18592,1.18597,216.7
2021.07.12 20:59:00,1.18596,1.18601,1.18592,1.18596,67.86
2021.07.12 21:00:00,1.18594,1.18602,1.18594,1.18599,46.6
2021.07.12 21:01:00,1.18598,1.186,1.18591,1.18599,13.06
2021.07.12 21:02:00,1.18599,1.18599,1.18598,1.18599,2.6
2021.07.12 21:03:00,1.18599,1.18599,1.18599,1.18599,16.85
2021.07.12 21:04:00,1.18599,1.186,1.18599,1.18599,1.48
2021.07.12 21:05:00,1.18599,1.18599,1.18595,1.18599,2.22
2021.07.12 21:06:00,1.18598,1.18599,1.18597,1.18598,1.48
2021.07.12 21:07:00,1.18599,1.18599,1.18597,1.18599,1.48
2021.07.12 21:08:00,1.18597,1.186,1.18597,1.18597,10.93
2021.07.12 21:09:00,1.186,1.18602,1.18597,1.18597,6.57
2021.07.12 21:10:00,1.186,1.186,1.18595,1.18595,6.02
2021.07.12 21:11:00,1.18599,1.18605,1.18599,1.18605,3.19
2021.07.12 21:12:00,1.18605,1.18605,1.18602,1.18603,2.98
2021.07.12 21:13:00,1.18604,1.18604,1.18602,1.18603,6.15
2021.07.12 21:14:00,1.18603,1.18603,1.18603,1.18603,0.75
2021.07.12 21:15:00,1.18604,1.18606,1.18603,1.18604,11.97
2021.07.12 21:16:00,1.18605,1.18613,1.18605,1.18605,26.45
2021.07.12 21:17:00,1.18605,1.18605,1.18604,1.18604,1.69
2021.07.12 21:18:00,1.18604,1.18604,1.18604,1.18604,0
2021.07.12 21:19:00,1.18604,1.18613,1.18604,1.18613,23.25
2021.07.12 21:20:00,1.18604,1.18617,1.18603,1.18603,26.07
2021.07.12 21:21:00,1.18605,1.18613,1.18603,1.18603,24.19
2021.07.12 21:22:00,1.18603,1.18603,1.18603,1.18603,1.12
2021.07.12 21:23:00,1.18608,1.18613,1.18603,1.18603,14.92
2021.07.12 21:24:00,1.18602,1.18603,1.18602,1.18602,5.09
2021.07.12 21:25:00,1.18602,1.18613,1.18602,1.18603,13.8
2021.07.12 21:26:00,1.18608,1.18613,1.18602,1.18602,17.97
2021.07.12 21:27:00,1.18602,1.18605,1.18599,1.18599,10.77
2021.07.12 21:28:00,1.18602,1.18602,1.18596,1.186,35.74
2021.07.12 21:29:00,1.18601,1.18601,1.18599,1.18599,9.27
2021.07.12 21:30:00,1.186,1.18601,1.18599,1.186,2.97
2021.07.12 21:31:00,1.18601,1.18602,1.18601,1.18602,1.13
2021.07.12 21:32:00,1.18603,1.18603,1.186,1.18601,9.44
2021.07.12 21:33:00,1.18602,1.18602,1.186,1.186,14.9
2021.07.12 21:34:00,1.18599,1.18603,1.18599,1.18603,2.81
2021.07.12 21:35:00,1.18603,1.18603,1.18601,1.18601,3
2021.07.12 21:36:00,1.18602,1.18602,1.18602,1.18602,0.75
2021.07.12 21:37:00,1.18599,1.18611,1.18599,1.18611,7.46
2021.07.12 21:38:00,1.18611,1.18611,1.18601,1.18605,30.95
2021.07.12 21:39:00,1.18604,1.18612,1.18604,1.18609,13.69
2021.07.12 21:40:00,1.18609,1.18609,1.18606,1.18606,3.75
2021.07.12 21:41:00,1.18605,1.18607,1.18605,1.18605,5.59
2021.07.12 21:42:00,1.18606,1.18612,1.18606,1.18606,16.05
2021.07.12 21:43:00,1.18606,1.18608,1.18606,1.18606,8.25
2021.07.12 21:44:00,1.18607,1.18618,1.18607,1.18613,47.6
2021.07.12 21:45:00,1.18612,1.18616,1.18611,1.18616,41.25
2021.07.12 21:46:00,1.18616,1.18617,1.18615,1.18616,9
2021.07.12 21:47:00,1.18616,1.18617,1.18613,1.18613,12
2021.07.12 21:48:00,1.18614,1.18614,1.18613,1.18613,13.5
2021.07.12 21:49:00,1.18613,1.18614,1.18612,1.18612,5.25
2021.07.12 21:50:00,1.18613,1.18613,1.18613,1.18613,0.74
2021.07.12 21:51:00,1.18615,1.18616,1.18615,1.18615,3
2021.07.12 21:52:00,1.18615,1.18619,1.18615,1.18616,16.8
2021.07.12 21:53:00,1.18615,1.18619,1.18614,1.18614,7.35
2021.07.12 21:54:00,1.18613,1.18616,1.18613,1.18613,21.6
2021.07.12 21:55:00,1.18614,1.18617,1.18613,1.18613,8.85
2021.07.12 21:56:00,1.18611,1.18616,1.18611,1.18611,5.85
2021.07.12 21:57:00,1.18611,1.18619,1.18611,1.18619,9.78
2021.07.12 21:58:00,1.18618,1.18618,1.18612,1.18614,12.97
2021.07.12 21:59:00,1.18614,1.18616,1.18613,1.18613,13.35
2021.07.12 22:00:00,1.18614,1.18619,1.18608,1.18609,55.795
2021.07.12 22:01:00,1.1861,1.1862,1.1861,1.18616,34.625
2021.07.12 22:02:00,1.18616,1.18616,1.18616,1.18616,3.115
2021.07.12 22:03:00,1.18616,1.18618,1.18616,1.18616,5.31
2021.07.12 22:04:00,1.18617,1.18619,1.18617,1.18619,7.08
2021.07.12 22:05:00,1.1862,1.1862,1.18617,1.18617,3.015
2021.07.12 22:06:00,1.18617,1.18619,1.18616,1.18619,5.61
2021.07.12 22:07:00,1.18621,1.18624,1.18621,1.18624,10.88
2021.07.12 22:08:00,1.18622,1.18622,1.18622,1.18622,2.51
2021.07.12 22:09:00,1.18621,1.18621,1.1862,1.1862,7.31
2021.07.12 22:10:00,1.18621,1.18621,1.18617,1.18617,6.55
2021.07.12 22:11:00,1.18617,1.18617,1.18617,1.18617,0
2021.07.12 22:12:00,1.18617,1.18617,1.18611,1.18612,13.87
2021.07.12 22:13:00,1.18611,1.18611,1.18609,1.18609,16.17
2021.07.12 22:14:00,1.1861,1.1861,1.18609,1.1861,4.13
2021.07.12 22:15:00,1.18612,1.18617,1.18612,1.18617,3.75
2021.07.12 22:16:00,1.18617,1.18617,1.18616,1.18616,1.5
2021.07.12 22:17:00,1.18613,1.18614,1.18613,1.18614,1.5
2021.07.12 22:18:00,1.18617,1.18617,1.18617,1.18617,1.5
2021.07.12 22:19:00,1.18614,1.18617,1.18613,1.18617,3.75
2021.07.12 22:20:00,1.18618,1.18621,1.18618,1.1862,4.5
2021.07.12 22:21:00,1.18619,1.18626,1.18619,1.18626,10.5
2021.07.12 22:22:00,1.18628,1.18642,1.18628,1.18635,42.38
2021.07.12 22:23:00,1.18636,1.18641,1.1863,1.18636,84.12
2021.07.12 22:24:00,1.18637,1.1865,1.18634,1.1865,47.49
2021.07.12 22:25:00,1.18647,1.18652,1.18638,1.18652,45.54
2021.07.12 22:26:00,1.18651,1.18651,1.18644,1.18644,23.78
2021.07.12 22:27:00,1.18644,1.18644,1.1864,1.18642,23.24
2021.07.12 22:28:00,1.18641,1.18641,1.18634,1.18635,24.04
2021.07.12 22:29:00,1.18633,1.18643,1.18633,1.18641,24.75
2021.07.12 22:30:00,1.18639,1.18639,1.18632,1.18633,17.13
2021.07.12 22:31:00,1.18632,1.18633,1.18631,1.18631,9.9
2021.07.12 22:32:00,1.18631,1.18632,1.1863,1.18632,9.88
2021.07.12 22:33:00,1.18632,1.18632,1.18632,1.18632,0.75
2021.07.12 22:34:00,1.18631,1.18631,1.18627,1.1863,12.52
2021.07.12 22:35:00,1.1863,1.1863,1.1863,1.1863,0
2021.07.12 22:36:00,1.18629,1.18629,1.18624,1.18627,18.36
2021.07.12 22:37:00,1.18626,1.18626,1.18625,1.18625,4.49
2021.07.12 22:38:00,1.18625,1.18625,1.18625,1.18625,0
2021.07.12 22:39:00,1.18624,1.18624,1.18622,1.18622,3.82
2021.07.12 22:40:00,1.18622,1.18622,1.18622,1.18622,0
2021.07.12 22:41:00,1.18622,1.18622,1.18622,1.18622,0
2021.07.12 22:42:00,1.18623,1.18624,1.18622,1.18624,22.87
2021.07.12 22:43:00,1.18625,1.18625,1.18624,1.18624,5.25
2021.07.12 22:44:00,1.18625,1.18625,1.18623,1.18623,6.75
2021.07.12 22:45:00,1.18624,1.1863,1.18617,1.18627,41.33
2021.07.12 22:46:00,1.18626,1.1863,1.18626,1.1863,12.89
2021.07.12 22:47:00,1.1863,1.18632,1.1863,1.18631,2.25
2021.07.12 22:48:00,1.18631,1.18632,1.18631,1.18631,4.5
2021.07.12 22:49:00,1.18631,1.18631,1.18631,1.18631,0.75
2021.07.12 22:50:00,1.18631,1.18631,1.18631,1.18631,0.75
2021.07.12 22:51:00,1.18631,1.18631,1.18631,1.18631,0
2021.07.12 22:52:00,1.18631,1.18631,1.18631,1.18631,0
2021.07.12 22:53:00,1.1863,1.18631,1.1863,1.18631,2.25
2021.07.12 22:54:00,1.18632,1.18632,1.18629,1.1863,6
2021.07.12 22:55:00,1.18631,1.18633,1.18631,1.18633,3.75
2021.07.12 22:56:00,1.18633,1.18633,1.18632,1.18633,3.75
2021.07.12 22:57:00,1.18632,1.18632,1.18632,1.18632,0.75
2021.07.12 22:58:00,1.18632,1.18632,1.18632,1.18632,0
2021.07.12 22:59:00,1.18631,1.18631,1.18625,1.18625,3.85
2021.07.12 23:00:00,1.18627,1.18632,1.18627,1.18629,9.07
2021.07.12 23:01:00,1.18627,1.18631,1.18627,1.18631,3.19
2021.07.12 23:02:00,1.18631,1.18631,1.18631,1.18631,0.75
2021.07.12 23:03:00,1.18631,1.18631,1.18631,1.18631,0
2021.07.12 23:04:00,1.18631,1.18632,1.1863,1.18632,6.94
2021.07.12 23:05:00,1.18634,1.18635,1.1863,1.1863,22.71
2021.07.12 23:06:00,1.18631,1.18634,1.18631,1.18634,4.03
2021.07.12 23:07:00,1.18634,1.18634,1.18629,1.1863,9.01
2021.07.12 23:08:00,1.1863,1.1863,1.1863,1.1863,0
2021.07.12 23:09:00,1.18626,1.18626,1.18625,1.18625,8.25
2021.07.12 23:10:00,1.18627,1.18632,1.18627,1.18628,10.57
2021.07.12 23:11:00,1.18629,1.18632,1.18625,1.18625,10.18
2021.07.12 23:12:00,1.18626,1.18627,1.18625,1.18626,4.5
2021.07.12 23:13:00,1.18625,1.18629,1.18623,1.18625,16.66
2021.07.12 23:14:00,1.18625,1.18625,1.1862,1.18621,12.17
2021.07.12 23:15:00,1.18621,1.18621,1.18616,1.18616,35.4
2021.07.12 23:16:00,1.18617,1.18617,1.18607,1.1861,24.97
2021.07.12 23:17:00,1.18611,1.18618,1.1861,1.18618,15.09
2021.07.12 23:18:00,1.18617,1.18618,1.18616,1.18617,16.51
2021.07.12 23:19:00,1.18617,1.18618,1.18608,1.18612,45.58
2021.07.12 23:20:00,1.18611,1.18612,1.18607,1.18607,10.97
2021.07.12 23:21:00,1.18606,1.18606,1.18598,1.18604,17.56
2021.07.12 23:22:00,1.18604,1.18604,1.18593,1.18594,22.2
2021.07.12 23:23:00,1.18593,1.18597,1.18592,1.18596,13.68
2021.07.12 23:24:00,1.18596,1.18596,1.18586,1.18586,34.31
2021.07.12 23:25:00,1.18585,1.18591,1.18585,1.1859,21.45
2021.07.12 23:26:00,1.1859,1.18591,1.1859,1.1859,6
2021.07.12 23:27:00,1.18594,1.18597,1.18593,1.18597,11.25
2021.07.12 23:28:00,1.18596,1.18603,1.18596,1.18602,9
2021.07.12 23:29:00,1.18602,1.18602,1.186,1.18602,5.32
2021.07.12 23:30:00,1.18603,1.18603,1.18602,1.18602,3
2021.07.12 23:31:00,1.18602,1.18602,1.186,1.18602,7.11
2021.07.12 23:32:00,1.18604,1.18609,1.18604,1.18609,6.14
2021.07.12 23:33:00,1.1861,1.1861,1.1861,1.1861,0.75
2021.07.12 23:34:00,1.1861,1.1861,1.1861,1.1861,0
2021.07.12 23:35:00,1.1861,1.1861,1.1861,1.1861,0.75
2021.07.12 23:36:00,1.18612,1.18612,1.1861,1.18611,2.25
2021.07.12 23:37:00,1.18611,1.18611,1.18611,1.18611,0.75
2021.07.12 23:38:00,1.18612,1.18612,1.18611,1.18611,3
2021.07.12 23:39:00,1.18611,1.18611,1.18611,1.18611,0.75
2021.07.12 23:40:00,1.1861,1.18618,1.1861,1.18617,8.44
2021.07.12 23:41:00,1.18616,1.18616,1.18615,1.18616,3
2021.07.12 23:42:00,1.18615,1.18616,1.18615,1.18616,1.12
2021.07.12 23:43:00,1.18615,1.18615,1.1861,1.1861,8.18
2021.07.12 23:44:00,1.18611,1.18617,1.18611,1.18617,3
2021.07.12 23:45:00,1.18615,1.18617,1.18615,1.18616,6.82
2021.07.12 23:46:00,1.18616,1.18617,1.18616,1.18616,9.75
2021.07.12 23:47:00,1.18616,1.18616,1.18616,1.18616,0.75
2021.07.12 23:48:00,1.18616,1.18616,1.18616,1.18616,0
2021.07.12 23:49:00,1.18616,1.18616,1.18616,1.18616,0
2021.07.12 23:50:00,1.18615,1.18633,1.18615,1.1863,16.11
2021.07.12 23:51:00,1.18632,1.18642,1.18632,1.1864,22.5
2021.07.12 23:52:00,1.18639,1.18643,1.18633,1.1864,15.75
2021.07.12 23:53:00,1.18639,1.18639,1.18638,1.18638,1.5
2021.07.12 23:54:00,1.1864,1.1864,1.18636,1.18636,11.25
2021.07.12 23:55:00,1.18636,1.18637,1.18633,1.18633,7.5
2021.07.12 23:56:00,1.18633,1.18633,1.18632,1.18633,4.5
2021.07.12 23:57:00,1.18632,1.18632,1.18629,1.18629,16.5
2021.07.12 23:58:00,1.18628,1.18631,1.18628,1.18631,3.82
2021.07.12 23:59:00,1.1863,1.1863,1.18626,1.18627,13.58
2021.07.13 00:00:00,1.18627,1.18643,1.18627,1.18643,37.35
2021.07.13 00:01:00,1.18645,1.18655,1.18642,1.18649,26.21
2021.07.13 00:02:00,1.1865,1.18663,1.1865,1.18651,34.78
2021.07.13 00:03:00,1.1865,1.18651,1.18645,1.18647,15.61
2021.07.13 00:04:00,1.18646,1.18646,1.18634,1.18641,38.08
2021.07.13 00:05:00,1.18643,1.18643,1.18641,1.18642,21.24
2021.07.13 00:06:00,1.18641,1.18646,1.18641,1.18644,11.4
2021.07.13 00:07:00,1.18646,1.18657,1.18644,1.18654,56.51
2021.07.13 00:08:00,1.18655,1.18659,1.18651,1.18653,103.49
2021.07.13 00:09:00,1.18652,1.18655,1.18648,1.18652,32.09
2021.07.13 00:10:00,1.18654,1.1866,1.18654,1.1866,15.75
2021.07.13 00:11:00,1.18661,1.18663,1.18658,1.18663,24.99
2021.07.13 00:12:00,1.18662,1.18671,1.18661,1.18668,35.05
2021.07.13 00:13:00,1.18667,1.1867,1.18664,1.18668,20.85
2021.07.13 00:14:00,1.18669,1.18675,1.18669,1.1867,25.89
2021.07.13 00:15:00,1.18671,1.18675,1.1867,1.18674,27.44
2021.07.13 00:16:00,1.18672,1.18672,1.18667,1.18669,18.49
2021.07.13 00:17:00,1.18668,1.18669,1.18648,1.1865,52.24
2021.07.13 00:18:00,1.1865,1.18655,1.18649,1.18655,29.88
2021.07.13 00:19:00,1.18653,1.18653,1.18648,1.1865,22.23
2021.07.13 00:20:00,1.1865,1.1865,1.18644,1.18649,12.41
2021.07.13 00:21:00,1.18651,1.18651,1.1865,1.1865,4.5
2021.07.13 00:22:00,1.1865,1.1865,1.18644,1.18644,9.74
2021.07.13 00:23:00,1.18645,1.18655,1.18645,1.18655,29.23
2021.07.13 00:24:00,1.18654,1.18657,1.18654,1.18657,18.75
2021.07.13 00:25:00,1.18656,1.18671,1.18655,1.18671,32.62
2021.07.13 00:26:00,1.18671,1.1868,1.18671,1.18676,51.92
2021.07.13 00:27:00,1.18676,1.18686,1.18676,1.18681,42.33
2021.07.13 00:28:00,1.18681,1.18681,1.18675,1.18677,21.89
2021.07.13 00:29:00,1.18676,1.18677,1.18671,1.18675,16.57
2021.07.13 00:30:00,1.18675,1.18675,1.18673,1.18673,9.82
2021.07.13 00:31:00,1.18675,1.18676,1.18672,1.18672,26.97
2021.07.13 00:32:00,1.18673,1.18673,1.1867,1.18672,9.89
2021.07.13 00:33:00,1.18671,1.18671,1.18665,1.18665,18.14
2021.07.13 00:34:00,1.18664,1.18664,1.18663,1.18664,3
2021.07.13 00:35:00,1.18665,1.18668,1.18663,1.18663,28.49
2021.07.13 00:36:00,1.18662,1.18667,1.18662,1.18666,21
2021.07.13 00:37:00,1.18666,1.18666,1.18663,1.18663,3
2021.07.13 00:38:00,1.18663,1.18672,1.18663,1.18672,34.78
2021.07.13 00:39:00,1.18672,1.18673,1.18668,1.18672,31.05
2021.07.13 00:40:00,1.18673,1.18677,1.18673,1.18675,5.25
2021.07.13 00:41:00,1.18676,1.18676,1.18671,1.18671,9.82
2021.07.13 00:42:00,1.1867,1.18671,1.18666,1.18669,47.7
2021.07.13 00:43:00,1.18669,1.1868,1.18668,1.1868,43.6
2021.07.13 00:44:00,1.18679,1.1868,1.18676,1.1868,20.46
2021.07.13 00:45:00,1.1868,1.1868,1.18673,1.18675,49.63
2021.07.13 00:46:00,1.18674,1.18678,1.18674,1.18676,59.06
2021.07.13 00:47:00,1.18675,1.18675,1.18666,1.1867,53.33
2021.07.13 00:48:00,1.1867,1.18672,1.1867,1.18671,18.64
2021.07.13 00:49:00,1.18672,1.18682,1.18666,1.18666,50.38
2021.07.13 00:50:00,1.18667,1.18672,1.18666,1.18666,31.74
2021.07.13 00:51:00,1.18667,1.18669,1.18666,1.18666,20.66
2021.07.13 00:52:00,1.18666,1.18674,1.18666,1.18672,30.72
2021.07.13 00:53:00,1.18672,1.18676,1.1867,1.18676,24.42
2021.07.13 00:54:00,1.18676,1.18677,1.18671,1.18677,26.87
2021.07.13 00:55:00,1.1868,1.18681,1.18664,1.18664,156.74
2021.07.13 00:56:00,1.18665,1.18669,1.18663,1.18663,45.32
2021.07.13 00:57:00,1.18662,1.18667,1.1866,1.18664,20.63
2021.07.13 00:58:00,1.18664,1.18666,1.18662,1.18662,45.2
2021.07.13 00:59:00,1.18663,1.18665,1.18663,1.18665,34.88
2021.07.13 01:00:00,1.18667,1.18677,1.18664,1.18665,106.92
2021.07.13 01:01:00,1.18663,1.18663,1.18653,1.18654,70.25
2021.07.13 01:02:00,1.18654,1.18656,1.18649,1.18649,158.93
2021.07.13 01:03:00,1.1865,1.1865,1.18639,1.18639,31.71
2021.07.13 01:04:00,1.18639,1.18644,1.18635,1.18638,63.05
2021.07.13 01:05:00,1.18639,1.18641,1.18639,1.1864,8.25
2021.07.13 01:06:00,1.18639,1.18639,1.1862,1.18624,141.11
2021.07.13 01:07:00,1.18625,1.1864,1.18625,1.18639,33.12
2021.07.13 01:08:00,1.18638,1.18642,1.18638,1.18641,19.87
2021.07.13 01:09:00,1.1864,1.18643,1.18637,1.18642,29.28
2021.07.13 01:10:00,1.18643,1.18645,1.1864,1.18645,23.99
2021.07.13 01:11:00,1.18646,1.18648,1.18633,1.18634,48.07
2021.07.13 01:12:00,1.18635,1.18636,1.18633,1.18633,18.73
2021.07.13 01:13:00,1.18635,1.18638,1.18635,1.18637,25.9
2021.07.13 01:14:00,1.18637,1.18638,1.18634,1.18636,22.78
2021.07.13 01:15:00,1.18638,1.18646,1.18634,1.18635,38.01
2021.07.13 01:16:00,1.18635,1.1864,1.18631,1.18631,30.66
2021.07.13 01:17:00,1.1863,1.18635,1.1863,1.18633,39.19
2021.07.13 01:18:00,1.18633,1.18636,1.18633,1.18635,4.71
2021.07.13 01:19:00,1.18636,1.18636,1.18633,1.18636,12.89
2021.07.13 01:20:00,1.18637,1.18642,1.18637,1.18642,32.21
2021.07.13 01:21:00,1.18642,1.18643,1.18634,1.18637,47.66
2021.07.13 01:22:00,1.18636,1.18639,1.18633,1.18634,21.89
2021.07.13 01:23:00,1.18636,1.18645,1.18635,1.18641,28.32
2021.07.13 01:24:00,1.1864,1.18646,1.18636,1.18646,31.88
2021.07.13 01:25:00,1.18645,1.18648,1.18642,1.18648,28.24
2021.07.13 01:26:00,1.18649,1.1865,1.18643,1.18643,20.23
2021.07.13 01:27:00,1.18643,1.18645,1.18637,1.18641,43.25
2021.07.13 01:28:00,1.1864,1.1864,1.18637,1.18639,24.64
2021.07.13 01:29:00,1.18639,1.18639,1.18634,1.18635,21.01
2021.07.13 01:30:00,1.18637,1.18639,1.1863,1.1863,111.94
2021.07.13 01:31:00,1.1863,1.18631,1.18621,1.18623,22.29
2021.07.13 01:32:00,1.18624,1.18626,1.1862,1.18626,50.32
2021.07.13 01:33:00,1.18624,1.1863,1.18624,1.18629,26.84
2021.07.13 01:34:00,1.18631,1.18634,1.1863,1.18632,45.57
2021.07.13 01:35:00,1.18633,1.18642,1.18633,1.18642,37.14
2021.07.13 01:36:00,1.18643,1.18647,1.1864,1.18643,60.31
2021.07.13 01:37:00,1.18642,1.18648,1.1864,1.1864,106.23
2021.07.13 01:38:00,1.18641,1.18646,1.18641,1.18646,41.04
2021.07.13 01:39:00,1.18645,1.18652,1.18645,1.18645,51.23
2021.07.13 01:40:00,1.18646,1.18647,1.18643,1.18645,60.82
2021.07.13 01:41:00,1.18646,1.1866,1.18645,1.18654,65.81
2021.07.13 01:42:00,1.18656,1.18657,1.18651,1.18657,31.03
2021.07.13 01:43:00,1.18656,1.1866,1.18656,1.1866,11.05
2021.07.13 01:44:00,1.1866,1.1866,1.1865,1.18653,52.5
2021.07.13 01:45:00,1.18654,1.18662,1.18654,1.1866,31.19
2021.07.13 01:46:00,1.1866,1.18661,1.18658,1.18658,15.28
2021.07.13 01:47:00,1.18658,1.18663,1.18658,1.18663,9.08
2021.07.13 01:48:00,1.18662,1.18662,1.18655,1.18659,30.11
2021.07.13 01:49:00,1.18659,1.18661,1.18659,1.18661,12.51
2021.07.13 01:50:00,1.1866,1.18664,1.1866,1.18664,33.3
2021.07.13 01:51:00,1.18663,1.18667,1.18661,1.18667,34.7
2021.07.13 01:52:00,1.18667,1.18667,1.18659,1.18659,45.47
2021.07.13 01:53:00,1.18659,1.18662,1.18657,1.1866,43.6
2021.07.13 01:54:00,1.1866,1.18666,1.18659,1.18664,100
2021.07.13 01:55:00,1.18664,1.18673,1.18664,1.18673,90.07
2021.07.13 01:56:00,1.18672,1.18673,1.18664,1.18666,57.76
2021.07.13 01:57:00,1.18666,1.18683,1.18666,1.18683,41.13
2021.07.13 01:58:00,1.18685,1.18694,1.18683,1.18694,42.55
2021.07.13 01:59:00,1.18694,1.18695,1.18674,1.18674,193.31
2021.07.13 02:00:00,1.18675,1.18687,1.18673,1.18679,102.85
2021.07.13 02:01:00,1.18679,1.18683,1.18676,1.18678,56.79
2021.07.13 02:02:00,1.18677,1.18679,1.18669,1.18669,30.26
2021.07.13 02:03:00,1.18669,1.18669,1.18648,1.18649,44
2021.07.13 02:04:00,1.18648,1.18653,1.18638,1.18638,179.38
2021.07.13 02:05:00,1.18639,1.18647,1.18634,1.18647,164.9
2021.07.13 02:06:00,1.18646,1.18651,1.18645,1.18645,33.19
2021.07.13 02:07:00,1.18644,1.18646,1.18644,1.18645,24
2021.07.13 02:08:00,1.18644,1.18648,1.18641,1.18647,30.45
2021.07.13 02:09:00,1.18648,1.18648,1.18645,1.18647,33.81
2021.07.13 02:10:00,1.18645,1.18649,1.18645,1.18649,46.71
2021.07.13 02:11:00,1.18647,1.18647,1.18634,1.18635,40.39
2021.07.13 02:12:00,1.18634,1.18639,1.18634,1.18637,31.19
2021.07.13 02:13:00,1.18638,1.18641,1.18635,1.18638,23.8
2021.07.13 02:14:00,1.18637,1.1864,1.18637,1.1864,14.04
2021.07.13 02:15:00,1.1864,1.18647,1.18639,1.18647,26.82
2021.07.13 02:16:00,1.18646,1.18654,1.18646,1.18651,19.32
2021.07.13 02:17:00,1.1865,1.18651,1.18644,1.18644,38.2
2021.07.13 02:18:00,1.18645,1.1865,1.18644,1.18646,37.88
2021.07.13 02:19:00,1.18646,1.18649,1.18644,1.18646,26.16
2021.07.13 02:20:00,1.18646,1.18647,1.18644,1.18647,26.3
2021.07.13 02:21:00,1.18646,1.1865,1.18646,1.18648,26.89
2021.07.13 02:22:00,1.18648,1.18653,1.18647,1.18649,62.56
2021.07.13 02:23:00,1.18649,1.18649,1.18644,1.18648,73.65
2021.07.13 02:24:00,1.18649,1.1865,1.18643,1.18644,102.37
2021.07.13 02:25:00,1.18643,1.18644,1.18633,1.18635,51.29
2021.07.13 02:26:00,1.18637,1.1864,1.1863,1.18639,32.71
2021.07.13 02:27:00,1.18639,1.18644,1.18639,1.18643,56.43
2021.07.13 02:28:00,1.18644,1.18654,1.18642,1.18652,79.12
2021.07.13 02:29:00,1.18651,1.18654,1.18644,1.18644,77.02
2021.07.13 02:30:00,1.18644,1.18649,1.18642,1.18645,56.28
2021.07.13 02:31:00,1.18646,1.1865,1.18645,1.18649,48.89
2021.07.13 02:32:00,1.1865,1.18654,1.18649,1.18654,33.87
2021.07.13 02:33:00,1.18655,1.18655,1.18652,1.18654,14.65
2021.07.13 02:34:00,1.18655,1.18665,1.18654,1.18662,55.45
2021.07.13 02:35:00,1.18663,1.1867,1.18663,1.1867,21.9
2021.07.13 02:36:00,1.1867,1.18678,1.18667,1.18671,65.23
2021.07.13 02:37:00,1.18672,1.18686,1.18672,1.18685,49.06
2021.07.13 02:38:00,1.18684,1.18685,1.18679,1.18685,32.99
2021.07.13 02:39:00,1.18688,1.1871,1.18688,1.1871,84.48
2021.07.13 02:40:00,1.18711,1.18733,1.18711,1.18727,101.68
2021.07.13 02:41:00,1.18728,1.18729,1.18723,1.18723,47.38
2021.07.13 02:42:00,1.18724,1.18724,1.18714,1.18719,44.43
2021.07.13 02:43:00,1.1872,1.18727,1.18715,1.18727,58.46
2021.07.13 02:44:00,1.18728,1.18736,1.18727,1.1873,49.76
2021.07.13 02:45:00,1.18731,1.18731,1.18726,1.18731,38.51
2021.07.13 02:46:00,1.1873,1.18738,1.18727,1.18731,70.34
2021.07.13 02:47:00,1.18731,1.18732,1.1873,1.18731,14.12
2021.07.13 02:48:00,1.1873,1.18731,1.18721,1.18725,27.74
2021.07.13 02:49:00,1.18724,1.18725,1.18723,1.18724,17.87
2021.07.13 02:50:00,1.18723,1.18726,1.18722,1.18723,35.76
2021.07.13 02:51:00,1.18722,1.18723,1.18713,1.18713,38.87
2021.07.13 02:52:00,1.18713,1.18717,1.18711,1.18713,137.33
2021.07.13 02:53:00,1.18715,1.18715,1.18703,1.18709,102.95
2021.07.13 02:54:00,1.18711,1.18721,1.1871,1.1872,67.23
2021.07.13 02:55:00,1.1872,1.18725,1.18719,1.18724,12.1
2021.07.13 02:56:00,1.18721,1.18732,1.18721,1.1873,49.66
2021.07.13 02:57:00,1.1873,1.18731,1.18725,1.18728,48.82
2021.07.13 02:58:00,1.18727,1.18729,1.18723,1.18723,39.6
2021.07.13 02:59:00,1.18722,1.1874,1.18722,1.18732,65.24
2021.07.13 03:00:00,1.18733,1.18734,1.18722,1.18732,78.06
2021.07.13 03:01:00,1.18731,1.18736,1.18726,1.18736,70.87
2021.07.13 03:02:00,1.18738,1.18745,1.18738,1.18741,47.48
2021.07.13 03:03:00,1.18741,1.18742,1.18725,1.18725,75.08
2021.07.13 03:04:00,1.18727,1.1873,1.18702,1.18703,138.95
2021.07.13 03:05:00,1.18704,1.18713,1.18698,1.18698,163.84
2021.07.13 03:06:00,1.18698,1.18705,1.18698,1.18705,32
2021.07.13 03:07:00,1.18703,1.18705,1.18703,1.18703,20.96
2021.07.13 03:08:00,1.18704,1.18715,1.18704,1.18715,45.35
2021.07.13 03:09:00,1.18715,1.1872,1.18714,1.1872,17.19
2021.07.13 03:10:00,1.1872,1.1872,1.18717,1.1872,20.46
2021.07.13 03:11:00,1.18722,1.18725,1.1872,1.18723,46.64
2021.07.13 03:12:00,1.18721,1.18726,1.1872,1.18726,55.26
2021.07.13 03:13:00,1.18726,1.1873,1.18722,1.1873,32.24
2021.07.13 03:14:00,1.18731,1.18732,1.18728,1.18729,16.46
2021.07.13 03:15:00,1.18729,1.18735,1.18729,1.18732,30.62
2021.07.13 03:16:00,1.18732,1.18732,1.18729,1.18731,46.4
2021.07.13 03:17:00,1.1873,1.18742,1.18727,1.18741,33.21
2021.07.13 03:18:00,1.1874,1.18741,1.18737,1.18741,26.48
2021.07.13 03:19:00,1.18741,1.18751,1.18741,1.18745,62.92
2021.07.13 03:20:00,1.18745,1.18748,1.18742,1.18745,32.51
2021.07.13 03:21:00,1.18745,1.18746,1.18743,1.18744,14.7
2021.07.13 03:22:00,1.18745,1.18749,1.18744,1.18748,15.21
2021.07.13 03:23:00,1.18746,1.18746,1.18733,1.18742,71.41
2021.07.13 03:24:00,1.18741,1.18743,1.1874,1.18741,32.37
2021.07.13 03:25:00,1.18742,1.18746,1.18739,1.18746,44.39
2021.07.13 03:26:00,1.18746,1.1875,1.18744,1.18744,37.21
2021.07.13 03:27:00,1.18744,1.18745,1.18742,1.18744,31.23
2021.07.13 03:28:00,1.18743,1.18744,1.18743,1.18744,7.74
2021.07.13 03:29:00,1.18745,1.18751,1.18745,1.18747,32.9
2021.07.13 03:30:00,1.18747,1.18747,1.18739,1.18743,64.46
2021.07.13 03:31:00,1.18742,1.18742,1.18736,1.1874,25.38
2021.07.13 03:32:00,1.18739,1.18739,1.18735,1.18738,70.36
2021.07.13 03:33:00,1.18739,1.18739,1.18735,1.18735,58.89
2021.07.13 03:34:00,1.18734,1.18734,1.18725,1.18726,75.41
2021.07.13 03:35:00,1.18725,1.18725,1.1872,1.18721,25.22
2021.07.13 03:36:00,1.1872,1.18721,1.18714,1.18717,31.57
2021.07.13 03:37:00,1.18716,1.18717,1.18714,1.18717,20.72
2021.07.13 03:38:00,1.18718,1.18725,1.18718,1.18724,36.49
2021.07.13 03:39:00,1.18725,1.18726,1.18723,1.18723,12.27
2021.07.13 03:40:00,1.18722,1.18722,1.18718,1.18719,14.76
2021.07.13 03:41:00,1.1872,1.18721,1.18715,1.18715,20.6
2021.07.13 03:42:00,1.18714,1.18716,1.1871,1.18711,32.26
2021.07.13 03:43:00,1.18712,1.18714,1.18711,1.18714,22.73
2021.07.13 03:44:00,1.18714,1.18721,1.18714,1.18718,21.71
2021.07.13 03:45:00,1.18716,1.1872,1.18714,1.1872,33.36
2021.07.13 03:46:00,1.1872,1.1872,1.1872,1.1872,0
2021.07.13 03:47:00,1.1872,1.18725,1.1872,1.18725,10.04
2021.07.13 03:48:00,1.18724,1.18724,1.18718,1.18719,41.16
2021.07.13 03:49:00,1.18717,1.18717,1.18715,1.18716,13.34
2021.07.13 03:50:00,1.18715,1.18717,1.18712,1.18715,52.15
2021.07.13 03:51:00,1.18715,1.18717,1.18714,1.18715,29.44
2021.07.13 03:52:00,1.18715,1.18715,1.18705,1.18705,36.24
2021.07.13 03:53:00,1.18706,1.18707,1.18699,1.18702,34.54
2021.07.13 03:54:00,1.18703,1.18706,1.187,1.18701,30.88
2021.07.13 03:55:00,1.18701,1.18703,1.18696,1.18698,37.26
2021.07.13 03:56:00,1.18698,1.18699,1.18693,1.18695,80.53
2021.07.13 03:57:00,1.18695,1.18695,1.18693,1.18694,10.41
2021.07.13 03:58:00,1.18695,1.18698,1.18695,1.18697,11.25
2021.07.13 03:59:00,1.18698,1.18699,1.18695,1.18696,22.5
2021.07.13 04:00:00,1.18698,1.18705,1.18698,1.18703,32.85
2021.07.13 04:01:00,1.18702,1.18703,1.18697,1.18703,68.16
2021.07.13 04:02:00,1.18701,1.18703,1.18698,1.187,52.41
2021.07.13 04:03:00,1.18699,1.187,1.18697,1.187,26.69
2021.07.13 04:04:00,1.187,1.187,1.18688,1.18688,63.63
2021.07.13 04:05:00,1.18687,1.18689,1.18684,1.18689,46.78
2021.07.13 04:06:00,1.18688,1.18689,1.18685,1.18687,45.37
2021.07.13 04:07:00,1.18688,1.18688,1.18676,1.18679,72.96
2021.07.13 04:08:00,1.18678,1.18683,1.18678,1.18678,135.66
2021.07.13 04:09:00,1.18679,1.18685,1.18679,1.18684,23.18
2021.07.13 04:10:00,1.18682,1.18684,1.1868,1.18684,38.21
2021.07.13 04:11:00,1.18685,1.18688,1.18684,1.18688,90.55
2021.07.13 04:12:00,1.18688,1.1869,1.18685,1.18685,40.33
2021.07.13 04:13:00,1.18685,1.18691,1.18685,1.18687,47.94
2021.07.13 04:14:00,1.18689,1.1869,1.18687,1.18687,16.8
2021.07.13 04:15:00,1.18687,1.1869,1.18685,1.18685,50.57
2021.07.13 04:16:00,1.18684,1.18687,1.18683,1.18686,34.71
2021.07.13 04:17:00,1.18685,1.18685,1.18679,1.18679,50.86
2021.07.13 04:18:00,1.18679,1.18684,1.18674,1.18677,84.5
2021.07.13 04:19:00,1.18676,1.18684,1.18676,1.18682,32.7
2021.07.13 04:20:00,1.1868,1.18683,1.18678,1.18683,38.59
2021.07.13 04:21:00,1.18684,1.18685,1.1868,1.18682,38.53
2021.07.13 04:22:00,1.18683,1.18685,1.18683,1.18685,6.75
2021.07.13 04:23:00,1.18684,1.18687,1.18684,1.18686,20.25
2021.07.13 04:24:00,1.18685,1.1869,1.18684,1.1869,24.45
2021.07.13 04:25:00,1.18691,1.18691,1.18685,1.18685,15.7
2021.07.13 04:26:00,1.18686,1.18686,1.1868,1.1868,54.01
2021.07.13 04:27:00,1.18681,1.18682,1.18676,1.18682,36.17
2021.07.13 04:28:00,1.1868,1.1868,1.1868,1.1868,4.76
2021.07.13 04:29:00,1.18683,1.18685,1.1868,1.1868,20.64
2021.07.13 04:30:00,1.18681,1.18684,1.18677,1.18677,30.95
2021.07.13 04:31:00,1.18679,1.18685,1.18676,1.18679,7.75
2021.07.13 04:32:00,1.18679,1.1868,1.18674,1.18674,15.75
2021.07.13 04:33:00,1.18675,1.18676,1.18673,1.18673,18.3
2021.07.13 04:34:00,1.18674,1.18676,1.1867,1.18671,37.55
2021.07.13 04:35:00,1.18671,1.18671,1.18671,1.18671,0
2021.07.13 04:36:00,1.18671,1.18671,1.18671,1.18671,0
2021.07.13 04:37:00,1.1867,1.18674,1.18669,1.18674,38.92
2021.07.13 04:38:00,1.18675,1.18677,1.18673,1.18677,22.69
2021.07.13 04:39:00,1.18676,1.18677,1.18674,1.18675,18.28
2021.07.13 04:40:00,1.18674,1.18674,1.18664,1.18666,51.04
2021.07.13 04:41:00,1.18665,1.18666,1.18661,1.18664,50.24
2021.07.13 04:42:00,1.18664,1.18667,1.18664,1.18667,7.85
2021.07.13 04:43:00,1.18666,1.1867,1.18665,1.1867,34.42
2021.07.13 04:44:00,1.18668,1.1867,1.18665,1.18666,46.14
2021.07.13 04:45:00,1.18666,1.18666,1.18654,1.18654,49.33
2021.07.13 04:46:00,1.18653,1.18655,1.18642,1.1865,161.58
2021.07.13 04:47:00,1.18648,1.18649,1.18643,1.18644,57.38
2021.07.13 04:48:00,1.18643,1.18644,1.18639,1.18639,44.78
2021.07.13 04:49:00,1.18639,1.18643,1.18639,1.1864,30.64
2021.07.13 04:50:00,1.18639,1.18639,1.18637,1.18638,29.67
2021.07.13 04:51:00,1.18639,1.18639,1.18635,1.18635,49.82
2021.07.13 04:52:00,1.18636,1.18639,1.18634,1.18636,27.03
2021.07.13 04:53:00,1.18636,1.18641,1.18636,1.18641,27.14
2021.07.13 04:54:00,1.18641,1.18641,1.18637,1.1864,19.27
2021.07.13 04:55:00,1.1864,1.1864,1.18638,1.1864,11.89
2021.07.13 04:56:00,1.18639,1.18642,1.18638,1.1864,20.11
2021.07.13 04:57:00,1.18637,1.18638,1.1863,1.18635,13.05
2021.07.13 04:58:00,1.18636,1.18636,1.18634,1.18635,16.04
2021.07.13 04:59:00,1.18635,1.18636,1.18631,1.18636,18.14
2021.07.13 05:00:00,1.18637,1.18642,1.18632,1.18635,33.29
2021.07.13 05:01:00,1.18635,1.18641,1.18634,1.18638,27.21
2021.07.13 05:02:00,1.18637,1.1864,1.18635,1.18636,34.95
2021.07.13 05:03:00,1.18635,1.18637,1.18634,1.18634,16.26
2021.07.13 05:04:00,1.18634,1.18635,1.18629,1.18631,34.24
2021.07.13 05:05:00,1.18632,1.18635,1.1862,1.1862,52.71
2021.07.13 05:06:00,1.1862,1.18623,1.18619,1.18621,30.74
2021.07.13 05:07:00,1.18621,1.18636,1.18621,1.1863,56.74
2021.07.13 05:08:00,1.18629,1.1863,1.18627,1.1863,13.05
2021.07.13 05:09:00,1.1863,1.18631,1.18629,1.18631,12.75
2021.07.13 05:10:00,1.18631,1.18634,1.18627,1.1863,52.68
2021.07.13 05:11:00,1.18632,1.18637,1.18632,1.18636,22.12
2021.07.13 05:12:00,1.18636,1.18641,1.18635,1.1864,27.14
2021.07.13 05:13:00,1.18641,1.18647,1.18639,1.18646,26.77
2021.07.13 05:14:00,1.18645,1.18645,1.1864,1.1864,27.34
2021.07.13 05:15:00,1.1864,1.1864,1.18636,1.18637,9.48
2021.07.13 05:16:00,1.18637,1.18639,1.18635,1.18635,9.2
2021.07.13 05:17:00,1.18635,1.18648,1.18635,1.18644,41.68
2021.07.13 05:18:00,1.18642,1.18643,1.18634,1.18634,68.68
2021.07.13 05:19:00,1.18635,1.18636,1.18635,1.18635,11.25
2021.07.13 05:20:00,1.18635,1.18645,1.18635,1.18645,18
2021.07.13 05:21:00,1.18644,1.18645,1.18641,1.18641,10.5
2021.07.13 05:22:00,1.18641,1.18645,1.18637,1.18645,15.07
2021.07.13 05:23:00,1.18643,1.18646,1.1864,1.18641,49.93
2021.07.13 05:24:00,1.18641,1.18641,1.18637,1.18638,18.47
2021.07.13 05:25:00,1.18639,1.18639,1.1863,1.18634,31.05
2021.07.13 05:26:00,1.18633,1.18633,1.18623,1.18623,37.62
2021.07.13 05:27:00,1.18624,1.18624,1.18623,1.18624,6.82
2021.07.13 05:28:00,1.18625,1.18625,1.18623,1.18624,10.88
2021.07.13 05:29:00,1.18624,1.18626,1.18622,1.18624,12.45
2021.07.13 05:30:00,1.18625,1.18632,1.18624,1.1863,26.25
2021.07.13 05:31:00,1.18631,1.18634,1.18626,1.18629,22.38
2021.07.13 05:32:00,1.18629,1.18632,1.18624,1.18624,32.21
2021.07.13 05:33:00,1.18624,1.18625,1.18619,1.18625,30.68
2021.07.13 05:34:00,1.18625,1.18627,1.18619,1.18619,20.39
2021.07.13 05:35:00,1.18618,1.18618,1.18605,1.18605,79
2021.07.13 05:36:00,1.18602,1.18605,1.18599,1.18604,24.21
2021.07.13 05:37:00,1.18604,1.18606,1.18604,1.18605,17.17
2021.07.13 05:38:00,1.18604,1.18605,1.18601,1.18602,14.84
2021.07.13 05:39:00,1.18604,1.18605,1.18601,1.18603,18.28
2021.07.13 05:40:00,1.18604,1.18612,1.18604,1.18611,17.04
2021.07.13 05:41:00,1.18612,1.18629,1.18612,1.18629,42.33
2021.07.13 05:42:00,1.1863,1.1863,1.18626,1.18629,21.5
2021.07.13 05:43:00,1.18628,1.18628,1.18624,1.18626,10.72
2021.07.13 05:44:00,1.18626,1.1863,1.18626,1.1863,9.75
2021.07.13 05:45:00,1.18631,1.18634,1.18631,1.18634,9
2021.07.13 05:46:00,1.18635,1.18635,1.18628,1.18629,14.76
2021.07.13 05:47:00,1.1863,1.1863,1.18616,1.18621,39.59
2021.07.13 05:48:00,1.18621,1.18626,1.18621,1.18625,11.25
2021.07.13 05:49:00,1.18625,1.18626,1.18624,1.18625,10.57
2021.07.13 05:50:00,1.18626,1.18629,1.18624,1.18625,40.57
2021.07.13 05:51:00,1.18626,1.18626,1.18616,1.18618,29.65
2021.07.13 05:52:00,1.1862,1.18625,1.18617,1.18625,14.46
2021.07.13 05:53:00,1.18625,1.18631,1.18623,1.18631,14.67
2021.07.13 05:54:00,1.1863,1.1863,1.18612,1.18612,115.91
2021.07.13 05:55:00,1.18612,1.18612,1.18599,1.18599,190
2021.07.13 05:56:00,1.18599,1.18599,1.18586,1.18587,118.85
2021.07.13 05:57:00,1.18587,1.1859,1.18585,1.18587,42.75
2021.07.13 05:58:00,1.18587,1.18589,1.18565,1.18573,94.41
2021.07.13 05:59:00,1.18572,1.18577,1.18556,1.1857,166.86
2021.07.13 06:00:00,1.18569,1.18597,1.18567,1.18588,96.89
2021.07.13 06:01:00,1.18589,1.18597,1.18588,1.18591,34.59
2021.07.13 06:02:00,1.18589,1.18589,1.18581,1.18584,45.56
2021.07.13 06:03:00,1.18585,1.18595,1.18581,1.18586,75.71
2021.07.13 06:04:00,1.18587,1.18593,1.1858,1.18593,32.82
2021.07.13 06:05:00,1.18595,1.18613,1.18595,1.18599,40.35
2021.07.13 06:06:00,1.18597,1.18599,1.18581,1.18593,56.98
2021.07.13 06:07:00,1.18594,1.18603,1.18593,1.18595,49.7
2021.07.13 06:08:00,1.18596,1.18601,1.18592,1.18601,43.9
2021.07.13 06:09:00,1.186,1.18617,1.18597,1.18611,44.73
2021.07.13 06:10:00,1.1861,1.18611,1.18604,1.18606,36.95
2021.07.13 06:11:00,1.18606,1.1861,1.18605,1.1861,53.88
2021.07.13 06:12:00,1.18608,1.18613,1.18601,1.18613,43.95
2021.07.13 06:13:00,1.1861,1.1861,1.18601,1.18602,38.77
2021.07.13 06:14:00,1.18605,1.18624,1.18604,1.18617,48.17
2021.07.13 06:15:00,1.18616,1.18622,1.18611,1.18611,89.31
2021.07.13 06:16:00,1.1861,1.18612,1.18605,1.18605,52.56
2021.07.13 06:17:00,1.18605,1.18606,1.18595,1.18599,51.71
2021.07.13 06:18:00,1.18597,1.18597,1.18584,1.18584,91.72
2021.07.13 06:19:00,1.18584,1.1859,1.18571,1.18575,59.57
2021.07.13 06:20:00,1.18576,1.18577,1.18571,1.18571,55.49
2021.07.13 06:21:00,1.18571,1.18578,1.1857,1.18575,69.38
2021.07.13 06:22:00,1.18576,1.18576,1.18574,1.18576,20.42
2021.07.13 06:23:00,1.18576,1.18596,1.18576,1.18595,35.53
2021.07.13 06:24:00,1.18596,1.18612,1.18592,1.1861,91.34
2021.07.13 06:25:00,1.1861,1.18638,1.1861,1.18637,59.01
2021.07.13 06:26:00,1.18638,1.18643,1.1863,1.1863,69.53
2021.07.13 06:27:00,1.18628,1.18631,1.18606,1.18606,69.94
2021.07.13 06:28:00,1.18605,1.18611,1.18605,1.18611,14.17
2021.07.13 06:29:00,1.18613,1.18613,1.18594,1.18595,68.71
2021.07.13 06:30:00,1.18596,1.18597,1.18579,1.18592,52.87
2021.07.13 06:31:00,1.18591,1.18605,1.18588,1.18605,40.39
2021.07.13 06:32:00,1.18606,1.18606,1.18591,1.18593,34.27
2021.07.13 06:33:00,1.18592,1.18602,1.18587,1.18597,66.13
2021.07.13 06:34:00,1.18598,1.18603,1.18597,1.18602,23.01
2021.07.13 06:35:00,1.18604,1.18612,1.186,1.18608,36.74
2021.07.13 06:36:00,1.18606,1.18613,1.18605,1.18609,40.71
2021.07.13 06:37:00,1.1861,1.18614,1.18602,1.18602,61.86
2021.07.13 06:38:00,1.18602,1.18618,1.18601,1.18615,45.84
2021.07.13 06:39:00,1.18615,1.18619,1.18611,1.18616,24.38
2021.07.13 06:40:00,1.18617,1.1862,1.18611,1.18619,32.91
2021.07.13 06:41:00,1.1862,1.18631,1.18619,1.18631,23.31
2021.07.13 06:42:00,1.1863,1.1863,1.18616,1.18617,54.39
2021.07.13 06:43:00,1.18618,1.1862,1.18597,1.18603,57.82
2021.07.13 06:44:00,1.18603,1.18636,1.18603,1.18634,35.3
2021.07.13 06:45:00,1.18637,1.18647,1.18626,1.18626,53.1
2021.07.13 06:46:00,1.18629,1.18634,1.18625,1.1863,44.18
2021.07.13 06:47:00,1.18634,1.18637,1.18625,1.1863,44.21
2021.07.13 06:48:00,1.18631,1.18631,1.18621,1.18627,29
2021.07.13 06:49:00,1.18626,1.18628,1.18622,1.18626,32.91
2021.07.13 06:50:00,1.18625,1.18647,1.18625,1.18642,49.09
2021.07.13 06:51:00,1.18643,1.18643,1.18619,1.18619,65.18
2021.07.13 06:52:00,1.18617,1.18617,1.18609,1.18611,55.05
2021.07.13 06:53:00,1.18611,1.18637,1.18611,1.18634,54.25
2021.07.13 06:54:00,1.18633,1.18642,1.18632,1.18638,53.98
2021.07.13 06:55:00,1.18638,1.18638,1.18615,1.18615,105.81
2021.07.13 06:56:00,1.18618,1.1862,1.18583,1.18585,156.75
2021.07.13 06:57:00,1.18584,1.18587,1.18565,1.18567,128.59
2021.07.13 06:58:00,1.18566,1.18566,1.18531,1.18533,127.51
2021.07.13 06:59:00,1.18531,1.18546,1.18528,1.18539,148.91
2021.07.13 07:00:00,1.18539,1.18575,1.18537,1.18565,107.54
2021.07.13 07:01:00,1.18566,1.18572,1.18557,1.1856,104.07
2021.07.13 07:02:00,1.18561,1.18566,1.18549,1.1855,101.12
2021.07.13 07:03:00,1.18554,1.18581,1.18554,1.18581,41.35
2021.07.13 07:04:00,1.18582,1.18591,1.1858,1.1858,42.89
2021.07.13 07:05:00,1.18581,1.18581,1.1856,1.1857,90.06
2021.07.13 07:06:00,1.18569,1.18571,1.18557,1.18571,67.33
2021.07.13 07:07:00,1.18571,1.18583,1.18566,1.18571,84.88
2021.07.13 07:08:00,1.18568,1.18572,1.18558,1.18561,44.48
2021.07.13 07:09:00,1.18565,1.18576,1.18554,1.18567,82.61
2021.07.13 07:10:00,1.18566,1.18583,1.18564,1.18582,62.14
2021.07.13 07:11:00,1.18582,1.18588,1.1858,1.18582,39.13
2021.07.13 07:12:00,1.18581,1.18581,1.18568,1.18578,109.24
2021.07.13 07:13:00,1.18579,1.18583,1.18572,1.18572,35.76
2021.07.13 07:14:00,1.18574,1.18576,1.18562,1.18563,63.3
2021.07.13 07:15:00,1.18562,1.18565,1.18562,1.18565,28.95
2021.07.13 07:16:00,1.18565,1.18571,1.18548,1.18571,89.37
2021.07.13 07:17:00,1.18573,1.18576,1.18569,1.18574,67.93
2021.07.13 07:18:00,1.18574,1.18594,1.18574,1.1859,95.63
2021.07.13 07:19:00,1.18589,1.18589,1.18573,1.18581,46.11
2021.07.13 07:20:00,1.18582,1.18582,1.18556,1.18564,73.63
2021.07.13 07:21:00,1.18567,1.18572,1.18564,1.18567,56.19
2021.07.13 07:22:00,1.18564,1.18565,1.18552,1.18559,53.55
2021.07.13 07:23:00,1.18561,1.18568,1.18557,1.18564,39.62
2021.07.13 07:24:00,1.18566,1.1857,1.18565,1.18566,21.75
2021.07.13 07:25:00,1.18566,1.18589,1.18564,1.18589,46.02
2021.07.13 07:26:00,1.18588,1.18598,1.18585,1.18598,68.35
2021.07.13 07:27:00,1.18596,1.18604,1.18582,1.18597,71.14
2021.07.13 07:28:00,1.18597,1.18648,1.18597,1.18644,123.45
2021.07.13 07:29:00,1.18644,1.18649,1.18624,1.18645,118.03
2021.07.13 07:30:00,1.18643,1.18653,1.18633,1.18633,70.32
2021.07.13 07:31:00,1.18631,1.18642,1.18611,1.18617,107.33
2021.07.13 07:32:00,1.18619,1.18624,1.18593,1.18601,118.34
2021.07.13 07:33:00,1.18603,1.18618,1.18587,1.18588,87.1
2021.07.13 07:34:00,1.18588,1.18604,1.18585,1.18588,93.25
2021.07.13 07:35:00,1.18586,1.18598,1.18585,1.18593,53.86
2021.07.13 07:36:00,1.18594,1.18604,1.18584,1.18604,84.34
2021.07.13 07:37:00,1.186,1.18617,1.18594,1.18614,90.53
2021.07.13 07:38:00,1.18617,1.18617,1.18593,1.186,69.63
2021.07.13 07:39:00,1.18601,1.18601,1.18567,1.18567,84.89
2021.07.13 07:40:00,1.18569,1.1858,1.18557,1.1858,46.99
2021.07.13 07:41:00,1.1858,1.18583,1.18567,1.18573,75.02
2021.07.13 07:42:00,1.18574,1.18584,1.18565,1.18577,73.77
2021.07.13 07:43:00,1.18578,1.18581,1.1857,1.1857,43.22
2021.07.13 07:44:00,1.18571,1.18574,1.18562,1.18562,29.99
2021.07.13 07:45:00,1.1856,1.18567,1.18557,1.18557,71.93
2021.07.13 07:46:00,1.18558,1.18558,1.1854,1.1854,83.19
2021.07.13 07:47:00,1.1854,1.18548,1.18535,1.1854,79.62
2021.07.13 07:48:00,1.18539,1.1854,1.18533,1.18533,32.49
2021.07.13 07:49:00,1.18531,1.18531,1.18524,1.18525,50.51
2021.07.13 07:50:00,1.18524,1.18533,1.18497,1.18497,126
2021.07.13 07:51:00,1.18497,1.185,1.18467,1.18467,177.73
2021.07.13 07:52:00,1.18471,1.18481,1.1847,1.18478,129.5
2021.07.13 07:53:00,1.18476,1.18483,1.18471,1.18479,61.77
2021.07.13 07:54:00,1.18484,1.18484,1.18479,1.1848,53.92
2021.07.13 07:55:00,1.1848,1.18496,1.1848,1.18496,44.36
2021.07.13 07:56:00,1.18498,1.1851,1.1849,1.1851,57.73
2021.07.13 07:57:00,1.18511,1.18526,1.1851,1.18525,37.61
2021.07.13 07:58:00,1.18522,1.18525,1.18509,1.18519,70
2021.07.13 07:59:00,1.18517,1.18527,1.18508,1.18515,62.41
2021.07.13 08:00:00,1.18515,1.18515,1.18491,1.185,100.21
2021.07.13 08:01:00,1.18501,1.18501,1.18451,1.1846,135.83
2021.07.13 08:02:00,1.18459,1.18471,1.18458,1.18463,110.64
2021.07.13 08:03:00,1.18461,1.18462,1.18438,1.18438,132.51
2021.07.13 08:04:00,1.18438,1.18442,1.18429,1.18434,77.68
2021.07.13 08:05:00,1.18434,1.18439,1.1842,1.18432,70.79
2021.07.13 08:06:00,1.18433,1.18438,1.18425,1.1843,48.61
2021.07.13 08:07:00,1.18431,1.18431,1.18413,1.18422,40.12
2021.07.13 08:08:00,1.18424,1.18429,1.18411,1.18415,58.32
2021.07.13 08:09:00,1.18416,1.18438,1.18416,1.18438,77.58
2021.07.13 08:10:00,1.18436,1.18445,1.1843,1.18444,43.56
2021.07.13 08:11:00,1.18444,1.18452,1.18443,1.18446,102.97
2021.07.13 08:12:00,1.18445,1.18467,1.18436,1.18467,80.53
2021.07.13 08:13:00,1.18465,1.18465,1.18452,1.18458,72.97
2021.07.13 08:14:00,1.18459,1.1846,1.18437,1.18455,138.46
2021.07.13 08:15:00,1.18454,1.18468,1.1845,1.18454,97.42
2021.07.13 08:16:00,1.18454,1.18457,1.18439,1.18445,278.55
2021.07.13 08:17:00,1.18447,1.18456,1.18442,1.18456,83.07
2021.07.13 08:18:00,1.18456,1.18456,1.18445,1.18448,41.62
2021.07.13 08:19:00,1.18446,1.18472,1.18446,1.18471,69.35
2021.07.13 08:20:00,1.18469,1.18469,1.18452,1.18454,67.81
2021.07.13 08:21:00,1.18452,1.18457,1.18443,1.18444,73.32
2021.07.13 08:22:00,1.18446,1.18453,1.18444,1.18453,40.95
2021.07.13 08:23:00,1.18452,1.18468,1.18452,1.18468,35.43
2021.07.13 08:24:00,1.18467,1.18473,1.18454,1.18456,116.46
2021.07.13 08:25:00,1.18455,1.18478,1.18453,1.18468,58.34
2021.07.13 08:26:00,1.1847,1.18475,1.18467,1.18475,41.24
2021.07.13 08:27:00,1.18476,1.18485,1.18476,1.18482,38.85
2021.07.13 08:28:00,1.18484,1.18503,1.18482,1.18503,49.38
2021.07.13 08:29:00,1.18505,1.18507,1.18492,1.18494,38.87
2021.07.13 08:30:00,1.18491,1.18501,1.18484,1.18495,56.08
2021.07.13 08:31:00,1.18497,1.18501,1.18485,1.18485,48.79
2021.07.13 08:32:00,1.18484,1.18491,1.18482,1.18489,58.08
2021.07.13 08:33:00,1.1849,1.1849,1.18477,1.18487,44.11
2021.07.13 08:34:00,1.18487,1.18487,1.18474,1.18477,41.82
2021.07.13 08:35:00,1.18478,1.18478,1.1847,1.18471,16.76
2021.07.13 08:36:00,1.18471,1.18478,1.18471,1.18477,17.55
2021.07.13 08:37:00,1.18475,1.18478,1.18473,1.18474,18.41
2021.07.13 08:38:00,1.1847,1.18487,1.1847,1.18484,43.76
2021.07.13 08:39:00,1.18485,1.18488,1.18484,1.18485,21.59
2021.07.13 08:40:00,1.18484,1.18489,1.18484,1.18488,22.79
2021.07.13 08:41:00,1.18488,1.18489,1.18486,1.18488,23.59
2021.07.13 08:42:00,1.18489,1.18513,1.18489,1.18508,66.86
2021.07.13 08:43:00,1.18506,1.18513,1.18499,1.18499,65.24
2021.07.13 08:44:00,1.18497,1.18502,1.18492,1.185,42.21
2021.07.13 08:45:00,1.18502,1.18507,1.18502,1.18507,27.86
2021.07.13 08:46:00,1.18505,1.18506,1.18498,1.18505,31.46
2021.07.13 08:47:00,1.18504,1.18505,1.18484,1.18494,75.48
2021.07.13 08:48:00,1.18493,1.18502,1.18493,1.18502,43.7
2021.07.13 08:49:00,1.18501,1.18506,1.18498,1.18503,50.12
2021.07.13 08:50:00,1.18504,1.18504,1.18492,1.18495,50.53
2021.07.13 08:51:00,1.18495,1.18503,1.18491,1.18495,69.31
2021.07.13 08:52:00,1.18493,1.18494,1.18484,1.18486,35.78
2021.07.13 08:53:00,1.18484,1.18499,1.18484,1.18497,26.28
2021.07.13 08:54:00,1.18499,1.18504,1.18486,1.18487,48.12
2021.07.13 08:55:00,1.18488,1.18499,1.18488,1.18492,96.64
2021.07.13 08:56:00,1.18493,1.18504,1.18491,1.185,54.54
2021.07.13 08:57:00,1.18501,1.18504,1.18498,1.18501,60.29
2021.07.13 08:58:00,1.185,1.185,1.18491,1.18492,20.82
2021.07.13 08:59:00,1.18491,1.18501,1.18491,1.18496,25.27
2021.07.13 09:00:00,1.18498,1.18499,1.18475,1.18476,29.8
2021.07.13 09:01:00,1.18478,1.18486,1.18467,1.18472,64.25
2021.07.13 09:02:00,1.18473,1.18486,1.18467,1.18467,26.89
2021.07.13 09:03:00,1.18466,1.18466,1.18451,1.18456,43.05
2021.07.13 09:04:00,1.18457,1.18464,1.18454,1.18464,45.94
2021.07.13 09:05:00,1.18463,1.18468,1.18462,1.18466,18.51
2021.07.13 09:06:00,1.18466,1.18467,1.18459,1.18467,22.23
2021.07.13 09:07:00,1.18465,1.18465,1.18429,1.18429,62.33
2021.07.13 09:08:00,1.18431,1.18445,1.18431,1.18442,31.12
2021.07.13 09:09:00,1.18442,1.18451,1.18439,1.18446,34.43
2021.07.13 09:10:00,1.18447,1.18463,1.18447,1.18463,34.74
2021.07.13 09:11:00,1.18463,1.18463,1.18459,1.18462,31.34
2021.07.13 09:12:00,1.18463,1.18463,1.18449,1.18451,72.53
2021.07.13 09:13:00,1.18449,1.1845,1.18435,1.18438,72.82
2021.07.13 09:14:00,1.18437,1.18439,1.18417,1.18417,67.71
2021.07.13 09:15:00,1.18417,1.18419,1.18413,1.18417,28.68
2021.07.13 09:16:00,1.18417,1.1843,1.18417,1.18429,30.14
2021.07.13 09:17:00,1.18429,1.18441,1.18427,1.18436,77.05
2021.07.13 09:18:00,1.18435,1.18437,1.18423,1.18433,63.98
2021.07.13 09:19:00,1.18432,1.18438,1.18428,1.18438,46.23
2021.07.13 09:20:00,1.18436,1.18436,1.18428,1.18433,42.83
2021.07.13 09:21:00,1.18435,1.18441,1.18433,1.18437,25.93
2021.07.13 09:22:00,1.18437,1.18448,1.18437,1.18448,17.51
2021.07.13 09:23:00,1.18447,1.18448,1.18445,1.18448,15.26
2021.07.13 09:24:00,1.18449,1.18461,1.18448,1.18455,71.91
2021.07.13 09:25:00,1.18454,1.18458,1.18445,1.18448,59.47
2021.07.13 09:26:00,1.18448,1.18458,1.18448,1.18457,56.82
2021.07.13 09:27:00,1.18458,1.18458,1.18434,1.18439,67.7
2021.07.13 09:28:00,1.18438,1.18441,1.18431,1.18437,55.03
2021.07.13 09:29:00,1.18437,1.18441,1.18434,1.18441,26.7
2021.07.13 09:30:00,1.18439,1.18441,1.18423,1.18423,30.47
2021.07.13 09:31:00,1.18422,1.18433,1.18418,1.18431,54.91
2021.07.13 09:32:00,1.18432,1.18434,1.18424,1.18428,35.61
2021.07.13 09:33:00,1.18425,1.18425,1.18419,1.18421,38.71
2021.07.13 09:34:00,1.18421,1.18425,1.18417,1.18417,28.58
2021.07.13 09:35:00,1.18418,1.18427,1.18417,1.18423,33.49
2021.07.13 09:36:00,1.18424,1.18427,1.18417,1.18418,20.14
2021.07.13 09:37:00,1.1842,1.18425,1.18407,1.18408,49.55
2021.07.13 09:38:00,1.18411,1.18414,1.18394,1.18397,53.95
2021.07.13 09:39:00,1.18398,1.18406,1.18398,1.18404,31.78
2021.07.13 09:40:00,1.18406,1.18406,1.18397,1.18404,17.19
2021.07.13 09:41:00,1.18404,1.18413,1.18404,1.18413,16.57
2021.07.13 09:42:00,1.18412,1.18413,1.18408,1.18413,18.3
2021.07.13 09:43:00,1.1841,1.1841,1.18393,1.18394,43.17
2021.07.13 09:44:00,1.18393,1.18393,1.18376,1.18384,72.65
2021.07.13 09:45:00,1.18384,1.18396,1.18384,1.18387,39.89
2021.07.13 09:46:00,1.18387,1.1839,1.18383,1.1839,51
2021.07.13 09:47:00,1.18391,1.18405,1.18391,1.18405,24.58
2021.07.13 09:48:00,1.18403,1.18413,1.18396,1.18412,66.43
2021.07.13 09:49:00,1.18411,1.18412,1.18377,1.18381,124.32
2021.07.13 09:50:00,1.18382,1.18383,1.18357,1.18361,72.77
2021.07.13 09:51:00,1.18361,1.18384,1.18361,1.18384,25.83
2021.07.13 09:52:00,1.18386,1.18389,1.18384,1.18384,41.4
2021.07.13 09:53:00,1.18384,1.18388,1.18378,1.18388,31.92
2021.07.13 09:54:00,1.18389,1.18389,1.18371,1.18371,42.3
2021.07.13 09:55:00,1.18374,1.1838,1.18374,1.1838,66.53
2021.07.13 09:56:00,1.18379,1.1838,1.18375,1.18377,33.18
2021.07.13 09:57:00,1.18379,1.18392,1.18379,1.18392,15.94
2021.07.13 09:58:00,1.18393,1.18417,1.18392,1.18417,44.73
2021.07.13 09:59:00,1.18417,1.18424,1.18417,1.18424,19.87
2021.07.13 10:00:00,1.18425,1.18432,1.18419,1.18422,37.52
2021.07.13 10:01:00,1.18422,1.18423,1.18408,1.1841,61.89
2021.07.13 10:02:00,1.18411,1.1842,1.18411,1.18419,53.62
2021.07.13 10:03:00,1.18419,1.18423,1.18412,1.18422,34.02
2021.07.13 10:04:00,1.18421,1.18431,1.18421,1.18431,32.48
2021.07.13 10:05:00,1.18432,1.18435,1.18428,1.1843,18
2021.07.13 10:06:00,1.1843,1.18435,1.18429,1.18435,9.29
2021.07.13 10:07:00,1.18434,1.18434,1.18413,1.18423,63.02
2021.07.13 10:08:00,1.18424,1.18425,1.18415,1.18416,34.71
2021.07.13 10:09:00,1.18416,1.18417,1.18409,1.18413,44.37
2021.07.13 10:10:00,1.18413,1.18418,1.18407,1.18409,49.63
2021.07.13 10:11:00,1.18407,1.18408,1.18401,1.18401,45.32
2021.07.13 10:12:00,1.18404,1.18407,1.18396,1.18396,46.56
2021.07.13 10:13:00,1.18394,1.18403,1.18391,1.18403,52.79
2021.07.13 10:14:00,1.18404,1.18408,1.18401,1.18402,37.48
2021.07.13 10:15:00,1.184,1.18404,1.18397,1.18403,38.84
2021.07.13 10:16:00,1.18402,1.18428,1.18402,1.18423,43.94
2021.07.13 10:17:00,1.18424,1.18446,1.18424,1.18432,80.68
2021.07.13 10:18:00,1.1843,1.18433,1.18427,1.18428,28.45
2021.07.13 10:19:00,1.18427,1.18434,1.18409,1.18411,53.82
2021.07.13 10:20:00,1.18412,1.18416,1.18406,1.18408,26.33
2021.07.13 10:21:00,1.18406,1.18418,1.18406,1.18415,24.11
2021.07.13 10:22:00,1.18414,1.18414,1.18393,1.18393,41.22
2021.07.13 10:23:00,1.18394,1.18394,1.18383,1.18388,24.5
2021.07.13 10:24:00,1.18389,1.18403,1.18376,1.18403,48.51
2021.07.13 10:25:00,1.18403,1.18418,1.18403,1.18416,29.67
2021.07.13 10:26:00,1.18417,1.18421,1.18413,1.1842,77.09
2021.07.13 10:27:00,1.18418,1.18422,1.18407,1.18413,86.84
2021.07.13 10:28:00,1.18415,1.18415,1.18408,1.18412,41.12
2021.07.13 10:29:00,1.18411,1.18412,1.18396,1.18397,79.74
2021.07.13 10:30:00,1.18396,1.18408,1.18395,1.18405,27.88
2021.07.13 10:31:00,1.18406,1.18409,1.18403,1.18403,16.56
2021.07.13 10:32:00,1.18402,1.18422,1.18402,1.18421,54.85
2021.07.13 10:33:00,1.1842,1.18427,1.18418,1.18427,31.65
2021.07.13 10:34:00,1.18427,1.18438,1.18426,1.18438,28.37
2021.07.13 10:35:00,1.18439,1.18453,1.18438,1.18448,63.52
2021.07.13 10:36:00,1.18447,1.18449,1.18443,1.18449,22.32
2021.07.13 10:37:00,1.1845,1.1845,1.18442,1.18442,17.19
2021.07.13 10:38:00,1.18441,1.18448,1.18438,1.18448,24.02
2021.07.13 10:39:00,1.18447,1.18447,1.18432,1.18436,40.4
2021.07.13 10:40:00,1.18437,1.18437,1.18431,1.18432,15.11
2021.07.13 10:41:00,1.18435,1.18449,1.18431,1.18447,55.4
2021.07.13 10:42:00,1.18448,1.18454,1.18448,1.18454,7.13
2021.07.13 10:43:00,1.18452,1.18453,1.18443,1.18453,20.42
2021.07.13 10:44:00,1.18455,1.18459,1.18448,1.18448,25.89
2021.07.13 10:45:00,1.18448,1.18459,1.18448,1.18459,41.26
2021.07.13 10:46:00,1.18461,1.18468,1.18458,1.18466,60.14
2021.07.13 10:47:00,1.1847,1.18471,1.18462,1.18464,37.3
2021.07.13 10:48:00,1.18465,1.18465,1.18454,1.18454,26.84
2021.07.13 10:49:00,1.18455,1.18455,1.1845,1.1845,24.87
2021.07.13 10:50:00,1.18452,1.18453,1.18448,1.18448,10.3
2021.07.13 10:51:00,1.18447,1.18454,1.18442,1.18454,35.41
2021.07.13 10:52:00,1.18455,1.18461,1.18453,1.18461,39.76
2021.07.13 10:53:00,1.18462,1.18482,1.18459,1.18479,37.39
2021.07.13 10:54:00,1.18479,1.18479,1.18466,1.18471,34.64
2021.07.13 10:55:00,1.18472,1.18477,1.18472,1.18474,24.96
2021.07.13 10:56:00,1.18473,1.18474,1.18469,1.18469,45.23
2021.07.13 10:57:00,1.18468,1.18469,1.18458,1.18458,39.48
2021.07.13 10:58:00,1.18458,1.18463,1.18453,1.18461,99.42
2021.07.13 10:59:00,1.1846,1.18466,1.18459,1.18465,44.29
2021.07.13 11:00:00,1.18465,1.18468,1.18455,1.18468,71.01
2021.07.13 11:01:00,1.18464,1.18464,1.1845,1.18451,32.84
2021.07.13 11:02:00,1.1845,1.18458,1.18447,1.18447,74.56
2021.07.13 11:03:00,1.18448,1.18449,1.18442,1.18443,43.13
2021.07.13 11:04:00,1.18442,1.18442,1.18437,1.18441,57.89
2021.07.13 11:05:00,1.1844,1.1844,1.18414,1.18424,64.28
2021.07.13 11:06:00,1.18424,1.18424,1.18413,1.18418,33.87
2021.07.13 11:07:00,1.18419,1.18427,1.18418,1.18423,39.45
2021.07.13 11:08:00,1.18423,1.18427,1.18419,1.18419,28.26
2021.07.13 11:09:00,1.1842,1.18422,1.18417,1.18418,25.86
2021.07.13 11:10:00,1.1842,1.18424,1.18411,1.18414,29.6
2021.07.13 11:11:00,1.18413,1.18414,1.18412,1.18413,9.96
2021.07.13 11:12:00,1.18414,1.1842,1.18413,1.18419,12
2021.07.13 11:13:00,1.18421,1.18424,1.18413,1.18418,44.22
2021.07.13 11:14:00,1.18419,1.1843,1.18418,1.18423,56.5
2021.07.13 11:15:00,1.18424,1.18424,1.18412,1.18421,47.54
2021.07.13 11:16:00,1.18422,1.18433,1.18422,1.18427,34.04
2021.07.13 11:17:00,1.18427,1.18428,1.18426,1.18427,18.75
2021.07.13 11:18:00,1.18427,1.18431,1.18416,1.18417,49.71
2021.07.13 11:19:00,1.18416,1.18417,1.18412,1.18412,25.72
2021.07.13 11:20:00,1.1841,1.18412,1.184,1.18403,61.46
2021.07.13 11:21:00,1.18404,1.18405,1.18397,1.184,24.63
2021.07.13 11:22:00,1.18401,1.18405,1.18401,1.18401,30.47
2021.07.13 11:23:00,1.18401,1.18407,1.18401,1.18406,37.94
2021.07.13 11:24:00,1.18407,1.18408,1.18405,1.18408,10.49
2021.07.13 11:25:00,1.18407,1.18411,1.18405,1.18408,19.03
2021.07.13 11:26:00,1.18408,1.18411,1.18404,1.18407,52.71
2021.07.13 11:27:00,1.18406,1.18409,1.18405,1.18407,29.49
2021.07.13 11:28:00,1.18406,1.1841,1.18405,1.18409,19.52
2021.07.13 11:29:00,1.18407,1.1841,1.18405,1.18405,35.43
2021.07.13 11:30:00,1.18404,1.18411,1.18402,1.18402,36.87
2021.07.13 11:31:00,1.18402,1.18404,1.18402,1.18404,6.52
2021.07.13 11:32:00,1.18402,1.18408,1.18402,1.18403,31.72
2021.07.13 11:33:00,1.18402,1.18403,1.18387,1.18388,38.51
2021.07.13 11:34:00,1.18389,1.18394,1.18386,1.18394,36.06
2021.07.13 11:35:00,1.18396,1.18398,1.18387,1.18393,67.79
2021.07.13 11:36:00,1.18394,1.18394,1.18383,1.18386,34.19
2021.07.13 11:37:00,1.18387,1.18387,1.18365,1.18369,61.03
2021.07.13 11:38:00,1.18371,1.18384,1.18369,1.18371,80.15
2021.07.13 11:39:00,1.18369,1.18371,1.18355,1.18355,90.01
2021.07.13 11:40:00,1.18357,1.18366,1.18356,1.18363,73.53
2021.07.13 11:41:00,1.18366,1.18373,1.18366,1.18373,17.28
2021.07.13 11:42:00,1.18372,1.18379,1.1837,1.18378,40.87
2021.07.13 11:43:00,1.18379,1.18379,1.18374,1.18377,17.62
2021.07.13 11:44:00,1.18376,1.18376,1.18366,1.18367,15
2021.07.13 11:45:00,1.18367,1.18367,1.18357,1.18357,22.22
2021.07.13 11:46:00,1.18357,1.18363,1.18354,1.18356,41.02
2021.07.13 11:47:00,1.18357,1.18363,1.18357,1.1836,32.53
2021.07.13 11:48:00,1.18361,1.18372,1.18359,1.1836,70.66
2021.07.13 11:49:00,1.18361,1.18376,1.18361,1.18373,39.41
2021.07.13 11:50:00,1.18375,1.18377,1.18368,1.18372,34.77
2021.07.13 11:51:00,1.18373,1.18376,1.1837,1.1837,26.99
2021.07.13 11:52:00,1.1837,1.18373,1.1837,1.18372,26.25
2021.07.13 11:53:00,1.18376,1.18377,1.18371,1.18371,27.19
2021.07.13 11:54:00,1.1837,1.18372,1.18358,1.18362,60.23
2021.07.13 11:55:00,1.18363,1.18391,1.18361,1.18391,42.22
2021.07.13 11:56:00,1.18393,1.18398,1.18387,1.18398,38.83
2021.07.13 11:57:00,1.18395,1.18399,1.18387,1.18395,60.64
2021.07.13 11:58:00,1.18396,1.18403,1.18393,1.18397,56.72
2021.07.13 11:59:00,1.18397,1.18397,1.18391,1.18393,56.62
2021.07.13 12:00:00,1.18392,1.18392,1.18371,1.18372,70.59
2021.07.13 12:01:00,1.18373,1.18387,1.18362,1.18362,64.09
2021.07.13 12:02:00,1.1836,1.18361,1.18331,1.18353,98.6
2021.07.13 12:03:00,1.18352,1.18389,1.18352,1.18389,37.87
2021.07.13 12:04:00,1.18389,1.18428,1.18389,1.18424,107.08
2021.07.13 12:05:00,1.18424,1.18438,1.18414,1.18434,100.53
2021.07.13 12:06:00,1.18434,1.18438,1.18429,1.18432,44.12
2021.07.13 12:07:00,1.18429,1.18429,1.18408,1.18408,76.35
2021.07.13 12:08:00,1.18408,1.18418,1.18406,1.18415,28.61
2021.07.13 12:09:00,1.18416,1.18427,1.18416,1.18427,29.56
2021.07.13 12:10:00,1.18428,1.1843,1.18422,1.18427,33.76
2021.07.13 12:11:00,1.18428,1.18436,1.18416,1.18417,70.14
2021.07.13 12:12:00,1.18418,1.18426,1.18417,1.18423,50.59
2021.07.13 12:13:00,1.18425,1.18429,1.18423,1.18428,8.39
2021.07.13 12:14:00,1.1843,1.18439,1.18428,1.18431,67.29
2021.07.13 12:15:00,1.18432,1.18433,1.1842,1.18423,57.06
2021.07.13 12:16:00,1.18423,1.18428,1.18423,1.18425,34.03
2021.07.13 12:17:00,1.18425,1.18442,1.18425,1.18442,29.59
2021.07.13 12:18:00,1.18441,1.18474,1.1844,1.1847,100.69
2021.07.13 12:19:00,1.18471,1.18474,1.18467,1.18474,54.4
2021.07.13 12:20:00,1.18475,1.18486,1.18467,1.1847,127.06
2021.07.13 12:21:00,1.18472,1.18483,1.18466,1.18468,62.53
2021.07.13 12:22:00,1.18468,1.18484,1.18458,1.18474,94.48
2021.07.13 12:23:00,1.18475,1.18483,1.18467,1.18475,92.39
2021.07.13 12:24:00,1.18476,1.18487,1.18472,1.18483,155.29
2021.07.13 12:25:00,1.18482,1.18487,1.18475,1.18482,62.66
2021.07.13 12:26:00,1.18483,1.18498,1.18483,1.18496,66.45
2021.07.13 12:27:00,1.18497,1.18507,1.18491,1.18491,60
2021.07.13 12:28:00,1.18492,1.18493,1.18487,1.1849,34.29
2021.07.13 12:29:00,1.18488,1.18488,1.18465,1.18469,157.04
2021.07.13 12:30:00,1.18468,1.18474,1.18105,1.18161,1850.13
2021.07.13 12:31:00,1.1816,1.18162,1.18069,1.18109,1443.97
2021.07.13 12:32:00,1.18108,1.18108,1.18057,1.18073,748.22
2021.07.13 12:33:00,1.18074,1.18165,1.18063,1.18151,552.62
2021.07.13 12:34:00,1.18151,1.18181,1.18119,1.18174,510.79
2021.07.13 12:35:00,1.18173,1.18208,1.1812,1.18208,393.5
2021.07.13 12:36:00,1.18205,1.18206,1.18141,1.18142,382.02
2021.07.13 12:37:00,1.18142,1.18197,1.18124,1.18164,280.03
2021.07.13 12:38:00,1.18164,1.18213,1.18146,1.18203,308.77
2021.07.13 12:39:00,1.18204,1.18217,1.18157,1.18179,423.21
2021.07.13 12:40:00,1.18176,1.18328,1.18175,1.18324,470.7
2021.07.13 12:41:00,1.18321,1.18333,1.18251,1.18252,448.18
2021.07.13 12:42:00,1.18251,1.18268,1.18209,1.18212,354.57
2021.07.13 12:43:00,1.18213,1.18224,1.18156,1.18158,407.63
2021.07.13 12:44:00,1.18157,1.18173,1.1814,1.1815,365.32
2021.07.13 12:45:00,1.18153,1.18175,1.18138,1.18149,438.3
2021.07.13 12:46:00,1.18149,1.18166,1.1813,1.18135,282.98
2021.07.13 12:47:00,1.18139,1.18149,1.18103,1.18119,397.01
2021.07.13 12:48:00,1.18116,1.18121,1.18088,1.18105,291.54
2021.07.13 12:49:00,1.18103,1.18106,1.18062,1.18068,312.92
2021.07.13 12:50:00,1.1807,1.18096,1.18065,1.18083,320.68
2021.07.13 12:51:00,1.18083,1.18093,1.18039,1.1805,352.42
2021.07.13 12:52:00,1.1805,1.18051,1.18001,1.18001,351.5
2021.07.13 12:53:00,1.18004,1.18021,1.17964,1.17971,348.76
2021.07.13 12:54:00,1.17971,1.1805,1.17971,1.17996,283.07
2021.07.13 12:55:00,1.17994,1.18002,1.17949,1.17961,313.35
2021.07.13 12:56:00,1.17964,1.18011,1.17957,1.17987,235.57
2021.07.13 12:57:00,1.17986,1.17986,1.17957,1.17967,238.53
2021.07.13 12:58:00,1.17967,1.18028,1.17967,1.1801,249.82
2021.07.13 12:59:00,1.18007,1.18009,1.17941,1.17993,350.41
2021.07.13 13:00:00,1.17996,1.18003,1.17965,1.17981,301.09
2021.07.13 13:01:00,1.17977,1.18039,1.17976,1.18033,322.08
2021.07.13 13:02:00,1.18031,1.18054,1.18025,1.18042,324.81
2021.07.13 13:03:00,1.1804,1.18048,1.17998,1.18041,215.91
2021.07.13 13:04:00,1.18042,1.18049,1.18024,1.18038,221.45
2021.07.13 13:05:00,1.18037,1.18037,1.17981,1.17992,246.45
2021.07.13 13:06:00,1.1799,1.17995,1.17961,1.17985,179.92
2021.07.13 13:07:00,1.17982,1.17999,1.17963,1.1798,160.15
2021.07.13 13:08:00,1.17979,1.17993,1.17967,1.17978,144.3
2021.07.13 13:09:00,1.1798,1.1801,1.17978,1.17995,272.75
2021.07.13 13:10:00,1.17997,1.18001,1.17944,1.17964,387.49
2021.07.13 13:11:00,1.17963,1.17965,1.17935,1.17965,187.32
2021.07.13 13:12:00,1.17964,1.1799,1.17954,1.17974,199.76
2021.07.13 13:13:00,1.17975,1.18004,1.1796,1.17987,232.4
2021.07.13 13:14:00,1.17986,1.17986,1.17943,1.17944,193.03
2021.07.13 13:15:00,1.17943,1.1795,1.17922,1.17946,168.47
2021.07.13 13:16:00,1.17944,1.17952,1.17926,1.17935,146.34
2021.07.13 13:17:00,1.17936,1.17946,1.17927,1.17945,132.57
2021.07.13 13:18:00,1.17945,1.17948,1.17938,1.17945,82.05
2021.07.13 13:19:00,1.17943,1.17957,1.17939,1.17943,149.58
2021.07.13 13:20:00,1.17942,1.17969,1.1794,1.17956,118.82
2021.07.13 13:21:00,1.17957,1.17957,1.17917,1.17927,210.57
2021.07.13 13:22:00,1.17928,1.17958,1.1792,1.17931,199.4
2021.07.13 13:23:00,1.17928,1.17954,1.17918,1.17951,99.16
2021.07.13 13:24:00,1.17951,1.17999,1.17947,1.17995,184.12
2021.07.13 13:25:00,1.17995,1.18064,1.17992,1.1806,354.93
